result,timestamp,winners_count,prize_amount
18,2025-12-14 21:37:00,371,22551671
15,2025-12-14 21:36:00,438,24935312
13,2025-12-14 21:35:00,390,22814322
16,2025-12-14 21:34:00,398,23263434
12,2025-12-14 21:33:00,372,21108844
14,2025-12-14 21:32:00,365,27354150
16,2025-12-14 21:31:00,431,29972067
8,2025-12-14 21:30:00,395,37645042
16,2025-12-14 21:29:00,381,23568635
12,2025-12-14 21:28:00,382,18798508
22,2025-12-14 21:27:00,365,32021012
11,2025-12-14 21:26:00,421,39396133
17,2025-12-14 21:25:00,423,22125333
11,2025-12-14 21:24:00,398,32001630
18,2025-12-14 21:22:00,360,25772025
10,2025-12-14 21:21:00,386,13854236
15,2025-12-14 21:20:00,359,24931811
12,2025-12-14 21:19:00,384,28196947
15,2025-12-14 21:18:00,330,22482362
6,2025-12-14 21:17:00,352,33294512
6,2025-12-14 21:17:00,352,33294512
13,2025-12-14 21:16:00,339,35133003
19,2025-12-14 21:15:00,297,33406220
11,2025-12-14 21:14:00,372,13625783
10,2025-12-14 21:13:00,398,30959665
11,2025-12-14 21:12:00,356,34079356
18,2025-12-14 21:11:00,365,39114851
12,2025-12-14 21:10:00,390,31026697
8,2025-12-14 21:09:00,387,42920213
10,2025-12-14 21:08:00,362,37201436
9,2025-12-14 21:07:00,266,16507161
14,2025-12-14 21:05:00,334,41240989
9,2025-12-14 21:04:00,284,17772826
12,2025-12-14 21:03:00,316,17875051
7,2025-12-14 21:02:00,310,23619951
10,2025-12-14 21:01:00,358,36180556
15,2025-12-14 21:00:00,364,37222234
20,2025-12-14 20:59:00,334,34239088
14,2025-12-14 20:58:00,354,43950019
8,2025-12-14 20:57:00,318,23496644
2,2025-12-14 20:56:00,232,31720519
13,2025-12-14 20:55:00,344,30112381
21,2025-12-14 20:54:00,365,19156636
20,2025-12-14 20:53:00,308,34449314
11,2025-12-14 20:52:00,345,35812833
10,2025-12-14 20:51:00,321,41305869
7,2025-12-14 20:50:00,258,30369088
12,2025-12-14 20:48:00,362,32933373
10,2025-12-14 20:47:00,312,29248501
14,2025-12-14 20:46:00,341,28987649
21,2025-12-14 20:45:00,231,27844159
13,2025-12-14 20:44:00,334,20016415
7,2025-12-14 20:43:00,266,19036857
20,2025-12-14 20:42:00,335,14142333
16,2025-12-14 20:41:00,336,18860930
17,2025-12-14 20:40:00,287,16301848
12,2025-12-14 20:39:00,339,17126672
15,2025-12-14 20:38:00,357,20563457
19,2025-12-14 20:37:00,316,12714718
15,2025-12-14 20:36:00,341,18286332
16,2025-12-14 20:35:00,336,12387343
18,2025-12-14 20:34:00,323,19452027
10,2025-12-14 20:33:00,303,14397835
14,2025-12-14 20:31:00,294,17242185
10,2025-12-14 20:30:00,324,16093924
0,2025-12-14 20:29:00,151,23678648
17,2025-12-14 20:28:00,339,18292349
22,2025-12-14 20:27:00,265,22812795
14,2025-12-14 20:26:00,342,24304893
9,2025-12-14 20:25:00,322,18560194
20,2025-12-14 20:24:00,320,14987384
10,2025-12-14 20:23:00,334,18251311
13,2025-12-14 20:22:00,406,16831070
11,2025-12-14 20:21:00,411,24267118
13,2025-12-14 20:20:00,312,20180400
15,2025-12-14 20:19:00,338,22549487
21,2025-12-14 20:18:00,328,19070914
16,2025-12-14 20:17:00,347,17310511
12,2025-12-14 20:16:00,368,16386088
11,2025-12-14 20:15:00,360,22055564
9,2025-12-14 20:13:00,276,19132712
23,2025-12-14 20:12:00,226,16551830
25,2025-12-14 20:11:00,202,12925274
15,2025-12-14 20:10:00,287,14075824
5,2025-12-14 20:09:00,281,13306273
13,2025-12-14 20:08:00,327,9563953
17,2025-12-14 20:07:00,321,13211881
8,2025-12-14 20:06:00,294,13913270
11,2025-12-14 20:05:00,304,15546355
11,2025-12-14 20:04:00,331,15101291
10,2025-12-14 20:03:00,297,12457138
15,2025-12-14 20:02:00,311,14947674
8,2025-12-14 20:01:00,291,18534406
12,2025-12-14 20:00:00,365,11397262
14,2025-12-14 19:59:00,348,13580546
7,2025-12-14 19:57:00,308,12837116
15,2025-12-14 19:56:00,355,13587182
10,2025-12-14 19:55:00,281,13733488
24,2025-12-14 19:54:00,180,12127992
13,2025-12-14 19:53:00,271,12613710
19,2025-12-14 19:52:00,322,14203048
15,2025-12-14 19:51:00,361,18692847
14,2025-12-14 19:50:00,343,22855967
10,2025-12-14 19:49:00,297,20286035
6,2025-12-14 19:48:00,314,20376788
13,2025-12-14 19:47:00,327,21628099
10,2025-12-14 19:46:00,279,17295029
12,2025-12-14 19:45:00,328,15937165
10,2025-12-14 19:44:00,282,18990417
17,2025-12-14 19:43:00,303,19959013
12,2025-12-14 19:41:00,371,15548180
10,2025-12-14 19:40:00,336,14299084
22,2025-12-14 19:39:00,291,17658013
17,2025-12-14 19:38:00,346,20280739
14,2025-12-14 19:37:00,340,17092431
17,2025-12-14 19:36:00,363,14782067
21,2025-12-14 19:35:00,294,18204683
12,2025-12-14 19:34:00,400,17686966
13,2025-12-14 19:33:00,386,18227238
8,2025-12-14 19:32:00,318,13092167
5,2025-12-14 19:31:00,249,14671944
7,2025-12-14 19:30:00,253,16740885
20,2025-12-14 19:29:00,282,20758913
15,2025-12-14 19:28:00,304,13493396
5,2025-12-14 19:27:00,270,12959771
12,2025-12-14 19:26:00,322,14176985
13,2025-12-14 19:24:00,305,15721353
10,2025-12-14 19:23:00,281,16754096
3,2025-12-14 19:22:00,219,15253420
23,2025-12-14 19:21:00,200,16871811
15,2025-12-14 19:20:00,315,18570709
7,2025-12-14 19:19:00,256,17657892
18,2025-12-14 19:18:00,294,18841731
12,2025-12-14 19:17:00,326,19898489
5,2025-12-14 19:16:00,165,12737953
17,2025-12-14 19:15:00,295,15076361
12,2025-12-14 19:14:00,316,18846649
4,2025-12-14 19:13:00,248,16314350
12,2025-12-14 19:12:00,261,17678023
25,2025-12-14 19:11:00,215,19759771
14,2025-12-14 19:10:00,296,13101153
12,2025-12-14 19:09:00,300,11765504
7,2025-12-14 19:07:00,254,12594507
6,2025-12-14 19:06:00,224,8670091
10,2025-12-14 19:05:00,342,14844716
16,2025-12-14 19:04:00,352,13896404
13,2025-12-14 19:03:00,292,10909037
20,2025-12-14 19:02:00,263,16179014
10,2025-12-14 19:01:00,275,13838558
21,2025-12-14 19:00:00,213,12844124
8,2025-12-14 18:59:00,299,11513826
10,2025-12-14 18:58:00,254,13026552
23,2025-12-14 18:57:00,260,18261820
17,2025-12-14 18:56:00,332,16996755
18,2025-12-14 18:55:00,268,14695213
10,2025-12-14 18:54:00,278,31971170
11,2025-12-14 18:53:00,309,12980308
13,2025-12-14 18:51:00,303,28434173
21,2025-12-14 18:50:00,260,20339789
14,2025-12-14 18:49:00,262,21251302
3,2025-12-14 18:48:00,210,21740061
9,2025-12-14 18:47:00,285,22438366
21,2025-12-14 18:46:00,284,23471684
19,2025-12-14 18:45:00,268,30004734
9,2025-12-14 18:44:00,295,26496163
13,2025-12-14 18:43:00,269,18738004
9,2025-12-14 18:42:00,335,28010794
19,2025-12-14 18:41:00,275,26401232
11,2025-12-14 18:40:00,316,21394196
14,2025-12-14 18:39:00,332,14760806
10,2025-12-14 18:38:00,325,17841150
8,2025-12-14 18:37:00,304,17732137
6,2025-12-14 18:35:00,274,19136904
6,2025-12-14 18:34:00,257,25380238
21,2025-12-14 18:33:00,250,35181664
8,2025-12-14 18:32:00,295,27060685
10,2025-12-14 18:31:00,296,24268122
12,2025-12-14 18:30:00,296,22552461
7,2025-12-14 18:29:00,259,32050812
15,2025-12-14 18:28:00,312,23255110
14,2025-12-14 18:27:00,370,38488613
13,2025-12-14 18:26:00,309,47953788
17,2025-12-14 18:25:00,304,39575353
10,2025-12-14 18:24:00,304,34521693
14,2025-12-14 18:23:00,350,42028785
19,2025-12-14 18:22:00,304,58366695
25,2025-12-14 18:21:00,254,23563223
14,2025-12-14 18:20:00,357,47022597
7,2025-12-14 18:18:00,285,41949565
10,2025-12-14 18:17:00,348,35964229
6,2025-12-14 18:16:00,310,33761883
8,2025-12-14 18:15:00,296,33362540
13,2025-12-14 18:14:00,364,17761135
11,2025-12-14 18:13:00,351,30879841
21,2025-12-14 18:12:00,325,19723358
20,2025-12-14 18:11:00,319,45999036
9,2025-12-14 18:10:00,328,29171126
19,2025-12-14 18:09:00,305,26459597
11,2025-12-14 18:08:00,277,20090725
22,2025-12-14 18:07:00,234,29572981
13,2025-12-14 18:06:00,281,17588435
24,2025-12-14 18:05:00,231,31337419
16,2025-12-14 18:04:00,381,31142373
11,2025-12-14 18:02:00,316,25858731
12,2025-12-14 18:01:00,329,24057583
6,2025-12-14 18:00:00,280,22917500
8,2025-12-14 17:59:00,340,15462406
14,2025-12-14 17:58:00,373,20520127
8,2025-12-14 17:57:00,299,19727821
15,2025-12-14 17:56:00,368,22960809
18,2025-12-14 17:55:00,348,17310905
7,2025-12-14 17:54:00,326,17029759
20,2025-12-14 17:53:00,333,15417832
9,2025-12-14 17:52:00,370,14547716
19,2025-12-14 17:51:00,315,17367348
14,2025-12-14 17:49:00,418,12796377
14,2025-12-14 17:48:00,365,10428979
13,2025-12-14 17:47:00,332,8262305
11,2025-12-14 17:46:00,334,15831963
17,2025-12-14 17:45:00,349,13412437
15,2025-12-14 17:44:00,302,17558040
2,2025-12-14 17:43:00,213,19342284
15,2025-12-14 17:42:00,334,29623135
14,2025-12-14 17:41:00,306,20516972
22,2025-12-14 17:40:00,282,54347814
12,2025-12-14 17:39:00,341,72614110
17,2025-12-14 17:38:00,363,49067520
19,2025-12-14 17:37:00,324,33406809
13,2025-12-14 17:36:00,303,31084815
9,2025-12-14 17:35:00,294,18490170
10,2025-12-14 17:33:00,288,31324093
12,2025-12-14 17:32:00,296,26358999
14,2025-12-14 17:31:00,280,42631815
16,2025-12-14 17:30:00,336,12957731
3,2025-12-14 17:29:00,253,17791289
16,2025-12-14 17:28:00,314,15421805
7,2025-12-14 17:27:00,296,10641241
17,2025-12-14 17:26:00,308,12167940
20,2025-12-14 17:25:00,306,11375637
13,2025-12-14 17:24:00,280,15130267
2,2025-12-14 17:23:00,229,17690167
18,2025-12-14 17:22:00,320,15859298
10,2025-12-14 17:21:00,293,16831183
25,2025-12-14 17:20:00,210,18435663
6,2025-12-14 17:19:00,253,14409463
18,2025-12-14 17:17:00,339,14371496
16,2025-12-14 17:16:00,360,17459764
18,2025-12-14 17:15:00,378,16552088
23,2025-12-14 17:14:00,311,24317762
24,2025-12-14 17:13:00,269,29136584
12,2025-12-14 17:12:00,377,33494159
13,2025-12-14 17:11:00,347,33849102
7,2025-12-14 17:10:00,306,24110310
5,2025-12-14 17:09:00,295,27217048
6,2025-12-14 17:08:00,264,16126615
11,2025-12-14 17:07:00,308,16999507
6,2025-12-14 17:06:00,298,18637817
2,2025-12-14 17:05:00,240,23041067
12,2025-12-14 17:04:00,347,14059643
13,2025-12-14 17:02:00,356,23988084
6,2025-12-14 17:01:00,300,22017193
19,2025-12-14 17:00:00,272,16424667
23,2025-12-14 16:59:00,293,12877237
25,2025-12-14 16:58:00,213,24727558
14,2025-12-14 16:57:00,266,21755368
21,2025-12-14 16:56:00,319,21926159
9,2025-12-14 16:55:00,331,23106519
9,2025-12-14 16:54:00,365,25503980
9,2025-12-14 16:53:00,334,22299175
13,2025-12-14 16:52:00,318,31301794
16,2025-12-14 16:51:00,330,17278425
12,2025-12-14 16:50:00,303,28872918
13,2025-12-14 16:49:00,349,30705697
13,2025-12-14 16:48:00,307,21863359
10,2025-12-14 16:46:00,326,24841338
15,2025-12-14 16:45:00,338,20487578
7,2025-12-14 16:44:00,285,17274616
20,2025-12-14 16:43:00,308,24390033
9,2025-12-14 16:42:00,292,11480552
14,2025-12-14 16:41:00,361,15482266
18,2025-12-14 16:40:00,306,23656597
10,2025-12-14 16:39:00,359,21922109
17,2025-12-14 16:38:00,344,24339064
18,2025-12-14 16:37:00,351,24049897
19,2025-12-14 16:36:00,287,25775766
10,2025-12-14 16:35:00,286,25015785
23,2025-12-14 16:34:00,250,20022670
11,2025-12-14 16:33:00,364,23886655
10,2025-12-14 16:32:00,292,20771285
20,2025-12-14 16:31:00,294,14410884
8,2025-12-14 16:30:00,329,19458525
9,2025-12-14 16:28:00,319,17429227
12,2025-12-14 16:27:00,342,21604629
15,2025-12-14 16:26:00,334,22647820
18,2025-12-14 16:25:00,334,16353240
3,2025-12-14 16:24:00,256,28007803
21,2025-12-14 16:23:00,326,35315281
13,2025-12-14 16:22:00,318,17773679
15,2025-12-14 16:21:00,360,17535407
12,2025-12-14 16:20:00,344,22443001
13,2025-12-14 16:19:00,344,28013538
15,2025-12-14 16:18:00,311,28520674
17,2025-12-14 16:17:00,298,11113501
9,2025-12-14 16:16:00,291,25185380
20,2025-12-14 16:14:00,310,28720655
13,2025-12-14 16:13:00,334,13852033
9,2025-12-14 16:12:00,313,13013530
19,2025-12-14 16:11:00,294,17465425
13,2025-12-14 16:10:00,282,18271320
5,2025-12-14 16:09:00,248,12741488
14,2025-12-14 16:08:00,332,21016589
15,2025-12-14 16:07:00,370,14076322
16,2025-12-14 16:06:00,355,23489642
10,2025-12-14 16:05:00,333,14532474
20,2025-12-14 16:04:00,279,13334130
19,2025-12-14 16:03:00,272,14915502
4,2025-12-14 16:02:00,256,12618204
7,2025-12-14 16:01:00,254,17675570
12,2025-12-14 16:00:00,350,18753017
18,2025-12-14 15:58:00,314,20869617
11,2025-12-14 15:57:00,299,18703896
21,2025-12-14 15:56:00,311,15386346
11,2025-12-14 15:55:00,349,16538532
11,2025-12-14 15:54:00,339,17153585
11,2025-12-14 15:53:00,298,16990305
8,2025-12-14 15:52:00,277,21938610
21,2025-12-14 15:51:00,282,25806593
12,2025-12-14 15:50:00,307,26182743
19,2025-12-14 15:49:00,310,29587051
17,2025-12-14 15:48:00,346,29105177
10,2025-12-14 15:47:00,322,27658841
16,2025-12-14 15:46:00,325,23358022
12,2025-12-14 15:45:00,361,22254523
13,2025-12-14 15:44:00,313,22255344
21,2025-12-14 15:42:00,289,21809038
19,2025-12-14 15:41:00,327,21147623
21,2025-12-14 15:40:00,289,19032817
25,2025-12-14 15:39:00,248,24763879
8,2025-12-14 15:38:00,370,23093972
15,2025-12-14 15:37:00,364,20325213
6,2025-12-14 15:36:00,254,11846201
19,2025-12-14 15:35:00,318,22102027
11,2025-12-14 15:34:00,360,17320078
16,2025-12-14 15:33:00,347,20210627
21,2025-12-14 15:32:00,280,11965728
16,2025-12-14 15:31:00,373,15523220
22,2025-12-14 15:30:00,264,13639355
5,2025-12-14 15:29:00,239,11683560
16,2025-12-14 15:28:00,369,11226957
19,2025-12-14 15:26:00,319,11565471
12,2025-12-14 15:25:00,337,12474179
14,2025-12-14 15:24:00,371,10814133
14,2025-12-14 15:23:00,357,13479228
15,2025-12-14 15:22:00,403,12907152
11,2025-12-14 15:21:00,339,15207558
16,2025-12-14 15:20:00,369,22582312
7,2025-12-14 15:19:00,252,17264810
14,2025-12-14 15:18:00,317,17183075
6,2025-12-14 15:17:00,242,9051835
17,2025-12-14 15:16:00,294,18195923
24,2025-12-14 15:15:00,177,10829057
21,2025-12-14 15:14:00,241,9382726
12,2025-12-14 15:13:00,303,9408422
23,2025-12-14 15:12:00,275,14009233
17,2025-12-14 15:11:00,324,11524367
9,2025-12-14 15:09:00,310,11403782
12,2025-12-14 15:08:00,335,11485186
14,2025-12-14 15:07:00,350,9134061
15,2025-12-14 15:06:00,388,11041974
16,2025-12-14 15:05:00,303,10960185
13,2025-12-14 15:04:00,339,11721451
21,2025-12-14 15:03:00,274,10826243
18,2025-12-14 15:02:00,312,11458850
20,2025-12-14 15:01:00,296,10452968
13,2025-12-14 15:00:00,339,11479471
14,2025-12-14 14:59:00,349,8935113
11,2025-12-14 14:58:00,355,8803508
6,2025-12-14 14:57:00,287,10398780
14,2025-12-14 14:56:00,346,11183746
16,2025-12-14 14:55:00,350,8081991
19,2025-12-14 14:54:00,257,9509820
7,2025-12-14 14:52:00,254,9260251
15,2025-12-14 14:51:00,341,8115375
16,2025-12-14 14:50:00,336,11503257
9,2025-12-14 14:49:00,300,12035569
12,2025-12-14 14:48:00,350,9677264
8,2025-12-14 14:47:00,327,14322316
9,2025-12-14 14:46:00,319,14111480
10,2025-12-14 14:45:00,347,14470140
10,2025-12-14 14:44:00,344,15231247
23,2025-12-14 14:43:00,227,11391648
17,2025-12-14 14:42:00,326,16261895
13,2025-12-14 14:41:00,320,18717584
20,2025-12-14 14:40:00,308,17605527
14,2025-12-14 14:39:00,349,18537317
4,2025-12-14 14:38:00,269,16607166
11,2025-12-14 14:36:00,357,16457130
11,2025-12-14 14:35:00,354,13970433
16,2025-12-14 14:34:00,354,12424010
15,2025-12-14 14:33:00,344,12574153
16,2025-12-14 14:32:00,331,11092350
9,2025-12-14 14:31:00,301,12782702
14,2025-12-14 14:30:00,348,14331658
11,2025-12-14 14:29:00,341,12767741
13,2025-12-14 14:28:00,364,16448159
9,2025-12-14 14:27:00,330,8162530
10,2025-12-14 14:26:00,339,10731528
5,2025-12-14 14:25:00,233,10836452
17,2025-12-14 14:24:00,319,10766377
18,2025-12-14 14:23:00,337,15815340
17,2025-12-14 14:22:00,318,11790943
19,2025-12-14 14:21:00,319,14233178
14,2025-12-14 14:19:00,330,12305445
10,2025-12-14 14:18:00,340,16863041
10,2025-12-14 14:17:00,326,11360905
13,2025-12-14 14:16:00,367,11927144
12,2025-12-14 14:15:00,305,12450464
15,2025-12-14 14:14:00,341,16704083
16,2025-12-14 14:13:00,338,15771980
8,2025-12-14 14:12:00,279,23327240
13,2025-12-14 14:11:00,322,16123111
5,2025-12-14 14:10:00,209,9561852
15,2025-12-14 14:09:00,332,11815706
9,2025-12-14 14:08:00,357,15421366
9,2025-12-14 14:07:00,311,11657194
19,2025-12-14 14:06:00,344,13858713
18,2025-12-14 14:05:00,300,12184614
12,2025-12-14 14:04:00,307,11934985
7,2025-12-14 14:02:00,284,15537616
10,2025-12-14 14:01:00,313,15890920
14,2025-12-14 14:00:00,327,15149718
25,2025-12-14 13:59:00,201,16279758
12,2025-12-14 13:58:00,317,7560515
13,2025-12-14 13:57:00,328,17072343
10,2025-12-14 13:56:00,306,14258580
13,2025-12-14 13:55:00,319,14169443
11,2025-12-14 13:54:00,282,11319479
14,2025-12-14 13:53:00,332,13979567
11,2025-12-14 13:52:00,293,12805443
8,2025-12-14 13:51:00,281,16873637
16,2025-12-14 13:50:00,297,14689425
14,2025-12-14 13:49:00,321,17612489
13,2025-12-14 13:48:00,290,18354735
18,2025-12-14 13:47:00,312,16486431
7,2025-12-14 13:45:00,277,20374831
10,2025-12-14 13:44:00,348,22789279
17,2025-12-14 13:43:00,346,14860889
16,2025-12-14 13:42:00,284,11955402
6,2025-12-14 13:41:00,205,10385708
16,2025-12-14 13:40:00,328,15161236
15,2025-12-14 13:39:00,316,15382425
11,2025-12-14 13:38:00,285,9769741
1,2025-12-14 13:37:00,143,16427481
12,2025-12-14 13:36:00,308,17011633
21,2025-12-14 13:35:00,283,16270329
12,2025-12-14 13:34:00,277,18268289
18,2025-12-14 13:33:00,265,15749611
25,2025-12-14 13:32:00,178,18958354
12,2025-12-14 13:31:00,343,19981783
21,2025-12-14 13:30:00,245,13675574
9,2025-12-14 13:29:00,291,10642738
17,2025-12-14 13:27:00,296,19340597
11,2025-12-14 13:26:00,316,21547563
10,2025-12-14 13:25:00,257,15007576
20,2025-12-14 13:24:00,267,15349214
12,2025-12-14 13:23:00,339,17837151
10,2025-12-14 13:22:00,291,15212481
12,2025-12-14 13:21:00,340,14109673
8,2025-12-14 13:20:00,289,14171563
16,2025-12-14 13:19:00,330,20280868
23,2025-12-14 13:18:00,266,21094621
14,2025-12-14 13:17:00,336,15801853
22,2025-12-14 13:16:00,219,13681189
14,2025-12-14 13:15:00,370,17915935
11,2025-12-14 13:14:00,299,16811794
16,2025-12-14 13:13:00,303,11862396
11,2025-12-14 13:12:00,310,14846256
16,2025-12-14 13:10:00,359,12338437
17,2025-12-14 13:09:00,296,14986544
8,2025-12-14 13:08:00,302,16592583
24,2025-12-14 13:07:00,227,19226867
16,2025-12-14 13:06:00,350,17552199
17,2025-12-14 13:05:00,371,18648218
17,2025-12-14 13:04:00,349,17694883
8,2025-12-14 13:03:00,311,12473406
13,2025-12-14 13:02:00,350,13205337
11,2025-12-14 13:01:00,335,8996718
13,2025-12-14 13:00:00,295,8652243
15,2025-12-14 12:59:00,347,9226312
12,2025-12-14 12:58:00,297,10713980
9,2025-12-14 12:57:00,300,14336397
7,2025-12-14 12:56:00,260,17847793
10,2025-12-14 12:54:00,297,20583112
16,2025-12-14 12:53:00,262,8137936
20,2025-12-14 12:52:00,258,16090917
14,2025-12-14 12:51:00,315,13729788
12,2025-12-14 12:50:00,262,12604454
5,2025-12-14 12:49:00,235,13610089
12,2025-12-14 12:48:00,292,13272577
19,2025-12-14 12:47:00,307,12036137
13,2025-12-14 12:46:00,352,11115399
12,2025-12-14 12:45:00,293,15510486
23,2025-12-14 12:44:00,254,10880573
6,2025-12-14 12:43:00,304,22516471
7,2025-12-14 12:42:00,301,12637278
23,2025-12-14 12:41:00,254,13492308
18,2025-12-14 12:40:00,278,13911067
8,2025-12-14 12:39:00,228,10192416
16,2025-12-14 12:38:00,307,11443725
14,2025-12-14 12:36:00,325,9759033
11,2025-12-14 12:35:00,291,17228032
15,2025-12-14 12:34:00,306,18967139
12,2025-12-14 12:33:00,257,20162762
16,2025-12-14 12:32:00,323,13058957
19,2025-12-14 12:31:00,285,14065819
18,2025-12-14 12:30:00,277,20349617
13,2025-12-14 12:29:00,300,20621872
13,2025-12-14 12:28:00,320,24068979
13,2025-12-14 12:27:00,245,17738960
8,2025-12-14 12:26:00,253,13586060
8,2025-12-14 12:25:00,263,21301188
15,2025-12-14 12:24:00,287,14210880
7,2025-12-14 12:23:00,272,9543059
14,2025-12-14 12:22:00,288,10935732
13,2025-12-14 12:20:00,283,15494706
14,2025-12-14 12:19:00,245,9339997
9,2025-12-14 12:18:00,266,15552327
19,2025-12-14 12:17:00,253,13192140
19,2025-12-14 12:16:00,265,14814828
12,2025-12-14 12:15:00,284,16142152
12,2025-12-14 12:14:00,258,12373096
19,2025-12-14 12:13:00,258,14899920
10,2025-12-14 12:12:00,242,14848513
17,2025-12-14 12:11:00,247,17172616
25,2025-12-14 12:10:00,169,19562295
16,2025-12-14 12:09:00,287,14560488
12,2025-12-14 12:08:00,268,19313521
11,2025-12-14 12:07:00,240,22872484
21,2025-12-14 12:06:00,195,18719509
9,2025-12-14 12:04:00,226,13695104
12,2025-12-14 12:03:00,250,12147637
15,2025-12-14 12:02:00,214,14984728
1,2025-12-14 12:01:00,128,14714313
23,2025-12-14 12:00:00,208,12662096
20,2025-12-14 11:59:00,246,15035440
16,2025-12-14 11:58:00,250,11868500
12,2025-12-14 11:57:00,263,12118383
5,2025-12-14 11:56:00,185,11623204
5,2025-12-14 11:55:00,173,11529983
13,2025-12-14 11:54:00,265,15326332
23,2025-12-14 11:53:00,211,11890523
14,2025-12-14 11:52:00,305,11023001
8,2025-12-14 11:51:00,249,9785314
14,2025-12-14 11:50:00,244,8665610
9,2025-12-14 11:49:00,256,9298521
14,2025-12-14 11:48:00,249,7368650
16,2025-12-14 11:46:00,270,9020866
13,2025-12-14 11:45:00,232,9335330
19,2025-12-14 11:44:00,226,8465363
5,2025-12-14 11:43:00,197,13085732
15,2025-12-14 11:42:00,243,18170690
21,2025-12-14 11:41:00,206,15132524
12,2025-12-14 11:40:00,258,12122046
14,2025-12-14 11:39:00,249,11262103
6,2025-12-14 11:38:00,212,11105051
3,2025-12-14 11:37:00,208,11858989
14,2025-12-14 11:36:00,240,12839322
12,2025-12-14 11:35:00,229,12847842
14,2025-12-14 11:34:00,199,11468342
6,2025-12-14 11:33:00,177,9124261
11,2025-12-14 11:32:00,281,10319202
8,2025-12-14 11:31:00,261,10508763
17,2025-12-14 11:29:00,269,13542130
15,2025-12-14 11:28:00,269,13251914
9,2025-12-14 11:27:00,266,11751123
9,2025-12-14 11:26:00,295,9387503
15,2025-12-14 11:25:00,272,9167549
13,2025-12-14 11:24:00,262,11590771
17,2025-12-14 11:23:00,282,9251756
13,2025-12-14 11:22:00,250,11311885
8,2025-12-14 11:21:00,273,11352803
15,2025-12-14 11:20:00,278,12319910
13,2025-12-14 11:19:00,265,13736308
19,2025-12-14 11:18:00,259,9471589
7,2025-12-14 11:17:00,259,9237982
13,2025-12-14 11:16:00,241,9652845
18,2025-12-14 11:14:00,279,10454652
12,2025-12-14 11:13:00,308,10733785
10,2025-12-14 11:12:00,285,10499251
14,2025-12-14 11:11:00,315,13300059
14,2025-12-14 11:10:00,293,13566144
13,2025-12-14 11:09:00,297,14925877
12,2025-12-14 11:08:00,304,12975815
13,2025-12-14 11:07:00,319,13974876
11,2025-12-14 11:06:00,304,16430446
11,2025-12-14 11:05:00,266,14483439
10,2025-12-14 11:04:00,292,20589164
10,2025-12-14 11:03:00,255,14506392
9,2025-12-14 11:02:00,279,11913042
9,2025-12-14 11:01:00,252,14219279
18,2025-12-14 11:00:00,282,16613692
20,2025-12-14 10:59:00,205,17371313
13,2025-12-14 10:58:00,296,16162727
9,2025-12-14 10:56:00,229,12733563
20,2025-12-14 10:55:00,272,11532246
18,2025-12-14 10:54:00,275,16181606
16,2025-12-14 10:53:00,252,13787558
13,2025-12-14 10:52:00,273,11199946
8,2025-12-14 10:51:00,251,9731261
13,2025-12-14 10:50:00,249,9993753
8,2025-12-14 10:49:00,245,14428101
9,2025-12-14 10:48:00,228,11175128
7,2025-12-14 10:47:00,215,13950044
10,2025-12-14 10:46:00,258,8618249
19,2025-12-14 10:45:00,250,8818295
17,2025-12-14 10:44:00,249,9607538
19,2025-12-14 10:43:00,235,10085406
10,2025-12-14 10:42:00,216,13027947
20,2025-12-14 10:41:00,208,9764491
9,2025-12-14 10:40:00,258,9483459
8,2025-12-14 10:38:00,216,9384252
17,2025-12-14 10:37:00,267,8666796
19,2025-12-14 10:36:00,206,10964188
15,2025-12-14 10:35:00,247,12175958
13,2025-12-14 10:34:00,234,11731045
16,2025-12-14 10:33:00,252,15050655
13,2025-12-14 10:32:00,280,12326359
11,2025-12-14 10:31:00,266,12872867
12,2025-12-14 10:30:00,267,15396429
18,2025-12-14 10:29:00,256,9467089
14,2025-12-14 10:28:00,255,8129338
18,2025-12-14 10:27:00,221,6518706
21,2025-12-14 10:26:00,225,9487527
17,2025-12-14 10:25:00,230,6250856
19,2025-12-14 10:24:00,191,8315279
14,2025-12-14 10:23:00,251,7978546
14,2025-12-14 10:22:00,239,6624030
11,2025-12-14 10:20:00,225,8211729
10,2025-12-14 10:19:00,232,5291205
18,2025-12-14 10:18:00,195,5817519
3,2025-12-14 10:17:00,163,8371062
15,2025-12-14 10:16:00,228,4524190
12,2025-12-14 10:15:00,200,6584108
7,2025-12-14 10:14:00,230,10032665
16,2025-12-14 10:13:00,242,9805001
13,2025-12-14 10:12:00,211,10327815
18,2025-12-14 10:11:00,252,9401124
7,2025-12-14 10:10:00,229,9176566
8,2025-12-14 10:09:00,214,11446832
21,2025-12-14 10:08:00,209,5038234
16,2025-12-14 10:07:00,205,7298217
1,2025-12-14 10:06:00,147,8575202
5,2025-12-14 10:05:00,171,8142927
20,2025-12-14 10:03:00,213,8573683
16,2025-12-14 10:02:00,207,8136673
7,2025-12-14 10:01:00,207,8067431
11,2025-12-14 10:00:00,252,4962988
12,2025-12-14 09:59:00,231,6017773
9,2025-12-14 09:58:00,257,6733288
14,2025-12-14 09:57:00,237,8206211
4,2025-12-14 09:56:00,166,5209130
20,2025-12-14 09:55:00,231,8163614
17,2025-12-14 09:54:00,246,6073405
12,2025-12-14 09:53:00,227,5231664
17,2025-12-14 09:52:00,231,6678180
14,2025-12-14 09:51:00,179,5777988
24,2025-12-14 09:50:00,175,8714388
10,2025-12-14 09:49:00,249,5960129
15,2025-12-14 09:48:00,235,6862201
10,2025-12-14 09:47:00,226,8464539
14,2025-12-14 09:45:00,262,12582588
10,2025-12-14 09:44:00,234,5088017
4,2025-12-14 09:43:00,191,6530018
10,2025-12-14 09:42:00,211,5969299
12,2025-12-14 09:41:00,206,6621086
19,2025-12-14 09:40:00,229,9883718
11,2025-12-14 09:39:00,254,12003074
11,2025-12-14 09:38:00,273,13363093
10,2025-12-14 09:37:00,211,11171680
8,2025-12-14 09:36:00,201,15260046
15,2025-12-14 09:35:00,199,10434951
15,2025-12-14 09:34:00,186,8223710
14,2025-12-14 09:33:00,174,7335030
19,2025-12-14 09:32:00,144,6406181
21,2025-12-14 09:31:00,241,9035505
7,2025-12-14 09:30:00,186,3946551
19,2025-12-14 09:28:00,229,8410787
9,2025-12-14 09:27:00,192,7927482
18,2025-12-14 09:26:00,182,6054423
11,2025-12-14 09:25:00,200,9662354
15,2025-12-14 09:24:00,194,6439407
14,2025-12-14 09:23:00,192,9483571
19,2025-12-14 09:22:00,181,10997631
3,2025-12-14 09:21:00,118,10874642
9,2025-12-14 09:20:00,212,13949838
15,2025-12-14 09:19:00,210,7750371
11,2025-12-14 09:18:00,181,9227198
21,2025-12-14 09:17:00,153,8472567
11,2025-12-14 09:16:00,230,8400843
9,2025-12-14 09:15:00,175,9166005
14,2025-12-14 09:14:00,210,8292524
9,2025-12-14 09:13:00,194,6592992
6,2025-12-14 09:11:00,180,6749081
8,2025-12-14 09:10:00,218,7363992
18,2025-12-14 09:09:00,215,10073765
23,2025-12-14 09:08:00,150,5906823
17,2025-12-14 09:07:00,223,6770895
18,2025-12-14 09:06:00,212,5954094
8,2025-12-14 09:05:00,170,5976609
12,2025-12-14 09:04:00,200,6817106
14,2025-12-14 09:03:00,197,6232189
21,2025-12-14 09:02:00,176,9562391
15,2025-12-14 09:01:00,205,10020845
15,2025-12-14 09:00:00,207,7917949
10,2025-12-14 08:59:00,201,4761391
16,2025-12-14 08:58:00,177,8196780
12,2025-12-14 08:57:00,214,5206892
11,2025-12-14 08:56:00,198,5650289
18,2025-12-14 08:54:00,192,7231530
9,2025-12-14 08:53:00,188,8405390
11,2025-12-14 08:52:00,228,7712058
12,2025-12-14 08:51:00,197,7562186
13,2025-12-14 08:50:00,193,9071949
14,2025-12-14 08:49:00,191,7106088
13,2025-12-14 08:48:00,205,6950531
7,2025-12-14 08:47:00,202,6171424
3,2025-12-14 08:46:00,142,6316651
22,2025-12-14 08:45:00,150,4994094
15,2025-12-14 08:44:00,193,6783713
10,2025-12-14 08:43:00,183,5555679
4,2025-12-14 08:42:00,146,7192241
9,2025-12-14 08:41:00,180,14270985
9,2025-12-14 08:40:00,184,9034818
13,2025-12-14 08:39:00,163,9695286
20,2025-12-14 08:37:00,170,9681152
15,2025-12-14 08:36:00,200,10625475
13,2025-12-14 08:35:00,221,11347990
11,2025-12-14 08:34:00,207,18770140
9,2025-12-14 08:33:00,187,13706653
22,2025-12-14 08:32:00,154,6483706
5,2025-12-14 08:31:00,148,14530182
11,2025-12-14 08:30:00,183,7442714
9,2025-12-14 08:29:00,177,8011456
8,2025-12-14 08:28:00,189,8431982
17,2025-12-14 08:27:00,193,9436428
12,2025-12-14 08:26:00,219,14531932
14,2025-12-14 08:25:00,186,18453859
22,2025-12-14 08:24:00,157,16199822
12,2025-12-14 08:23:00,206,18231103
15,2025-12-14 08:22:00,219,18608940
10,2025-12-14 08:20:00,225,19849850
13,2025-12-14 08:19:00,184,15847063
7,2025-12-14 08:18:00,194,11375666
21,2025-12-14 08:17:00,189,9700324
23,2025-12-14 08:16:00,187,15850413
14,2025-12-14 08:15:00,205,9025284
17,2025-12-14 08:14:00,194,10044929
12,2025-12-14 08:13:00,207,15101796
18,2025-12-14 08:12:00,206,12832408
9,2025-12-14 08:11:00,201,19359066
10,2025-12-14 08:10:00,204,19434488
18,2025-12-14 08:09:00,204,17263813
19,2025-12-14 08:08:00,181,18010356
3,2025-12-14 08:07:00,158,18591703
14,2025-12-14 08:06:00,177,18862676
6,2025-12-14 08:04:00,207,19293077
13,2025-12-14 08:03:00,212,17330565
13,2025-12-14 08:02:00,213,12562341
15,2025-12-14 08:01:00,207,12108555
12,2025-12-14 08:00:00,237,14000744
9,2025-12-14 07:59:00,242,10529093
6,2025-12-14 07:58:00,176,11094530
10,2025-12-14 07:57:00,243,12198507
12,2025-12-14 07:56:00,205,13566051
10,2025-12-14 07:55:00,226,12660951
12,2025-12-14 07:54:00,214,11493836
17,2025-12-14 07:53:00,185,8861990
23,2025-12-14 07:52:00,207,13741218
4,2025-12-14 07:51:00,177,11250014
19,2025-12-14 07:50:00,224,11611630
13,2025-12-14 07:48:00,216,11342374
18,2025-12-14 07:47:00,218,9226353
8,2025-12-14 07:46:00,202,22105974
17,2025-12-14 07:45:00,191,6441430
12,2025-12-14 07:44:00,186,6270440
15,2025-12-14 07:43:00,189,16804770
6,2025-12-14 07:42:00,146,17634456
13,2025-12-14 07:41:00,203,15167280
14,2025-12-14 07:40:00,211,7677811
9,2025-12-14 07:39:00,153,4438809
14,2025-12-14 07:38:00,192,7269904
11,2025-12-14 07:37:00,193,10949779
9,2025-12-14 07:36:00,169,17443883
17,2025-12-14 07:35:00,208,8365697
24,2025-12-14 07:33:00,134,9881169
10,2025-12-14 07:32:00,177,20051808
4,2025-12-14 07:31:00,153,17317726
0,2025-12-14 07:30:00,104,12131073
17,2025-12-14 07:29:00,225,20886990
17,2025-12-14 07:28:00,219,11830563
19,2025-12-14 07:27:00,214,13231320
16,2025-12-14 07:26:00,245,24589891
15,2025-12-14 07:25:00,204,13149729
13,2025-12-14 07:24:00,210,28005221
17,2025-12-14 07:23:00,216,21166118
18,2025-12-14 07:22:00,195,17389209
21,2025-12-14 07:21:00,161,14545187
17,2025-12-14 07:20:00,203,32647233
14,2025-12-14 07:19:00,205,30542091
8,2025-12-14 07:18:00,191,17535898
15,2025-12-14 07:17:00,202,16600570
16,2025-12-14 07:15:00,190,15990352
12,2025-12-14 07:14:00,171,10320201
22,2025-12-14 07:13:00,138,10391554
1,2025-12-14 07:12:00,82,12408060
13,2025-12-14 07:11:00,195,11482174
20,2025-12-14 07:10:00,152,6110648
12,2025-12-14 07:09:00,195,12267329
18,2025-12-14 07:08:00,213,9286354
14,2025-12-14 07:07:00,190,11299423
8,2025-12-14 07:06:00,205,14643201
11,2025-12-14 07:05:00,198,11184348
15,2025-12-14 07:04:00,240,18971391
15,2025-12-14 07:03:00,228,10475048
21,2025-12-14 07:02:00,203,16924414
14,2025-12-14 07:01:00,236,17808998
12,2025-12-14 07:00:00,229,15694050
11,2025-12-14 06:59:00,255,16072547
10,2025-12-14 06:57:00,215,11293306
7,2025-12-14 06:56:00,227,28114795
8,2025-12-14 06:55:00,200,14440401
13,2025-12-14 06:54:00,236,18155694
12,2025-12-14 06:53:00,243,13967469
12,2025-12-14 06:52:00,197,15636233
17,2025-12-14 06:51:00,273,23174868
14,2025-12-14 06:50:00,231,20552229
13,2025-12-14 06:49:00,246,17142225
11,2025-12-14 06:48:00,248,14940358
12,2025-12-14 06:47:00,247,13003612
14,2025-12-14 06:46:00,248,17525895
22,2025-12-14 06:45:00,206,17152498
20,2025-12-14 06:44:00,233,19878808
14,2025-12-14 06:43:00,248,20531136
15,2025-12-14 06:41:00,253,33741548
25,2025-12-14 06:40:00,154,17171864
18,2025-12-14 06:39:00,203,13577827
17,2025-12-14 06:38:00,262,25556956
8,2025-12-14 06:37:00,241,17781636
15,2025-12-14 06:36:00,249,19859613
9,2025-12-14 06:35:00,184,17854453
14,2025-12-14 06:34:00,193,15195874
3,2025-12-14 06:33:00,154,13491166
20,2025-12-14 06:32:00,191,9487664
15,2025-12-14 06:31:00,232,13879187
6,2025-12-14 06:30:00,189,13474045
16,2025-12-14 06:29:00,261,12312162
10,2025-12-14 06:28:00,270,13092023
12,2025-12-14 06:27:00,247,17716279
15,2025-12-14 06:26:00,239,11261376
17,2025-12-14 06:25:00,221,13741096
13,2025-12-14 06:23:00,230,14827151
12,2025-12-14 06:22:00,245,17412059
14,2025-12-14 06:21:00,250,17017982
7,2025-12-14 06:20:00,201,19948200
14,2025-12-14 06:19:00,249,17121516
9,2025-12-14 06:18:00,241,13238787
13,2025-12-14 06:17:00,218,14814545
9,2025-12-14 06:16:00,233,16480713
17,2025-12-14 06:15:00,285,27798320
16,2025-12-14 06:14:00,242,28326423
18,2025-12-14 06:13:00,228,29034804
3,2025-12-14 06:12:00,159,33435120
15,2025-12-14 06:11:00,259,34519979
11,2025-12-14 06:10:00,240,26162937
14,2025-12-14 06:09:00,286,25062188
14,2025-12-14 06:08:00,253,17068157
18,2025-12-14 06:06:00,293,16372364
13,2025-12-14 06:05:00,313,20403153
15,2025-12-14 06:04:00,301,17484592
5,2025-12-14 06:03:00,255,31371013
17,2025-12-14 06:02:00,335,28420390
9,2025-12-14 06:01:00,296,16755238
16,2025-12-14 06:00:00,284,29757622
8,2025-12-14 05:59:00,226,10052289
16,2025-12-14 05:58:00,253,25037840
7,2025-12-14 05:57:00,279,22608697
8,2025-12-14 05:56:00,240,14323643
14,2025-12-14 05:55:00,273,14372592
18,2025-12-14 05:54:00,284,20874913
8,2025-12-14 05:53:00,314,17654570
13,2025-12-14 05:52:00,266,24977856
9,2025-12-14 05:51:00,286,22120989
13,2025-12-14 05:50:00,273,23513593
13,2025-12-14 05:48:00,279,12436638
13,2025-12-14 05:47:00,263,24647596
12,2025-12-14 05:46:00,307,28222789
17,2025-12-14 05:45:00,259,15708839
5,2025-12-14 05:44:00,218,23713607
17,2025-12-14 05:43:00,248,18192406
6,2025-12-14 05:42:00,274,12511649
11,2025-12-14 05:41:00,301,15059030
17,2025-12-14 05:40:00,324,13084868
16,2025-12-14 05:39:00,268,10447671
8,2025-12-14 05:38:00,292,12030000
16,2025-12-14 05:37:00,269,10662444
14,2025-12-14 05:36:00,315,12298506
26,2025-12-14 05:35:00,277,13001251
21,2025-12-14 05:34:00,327,12784903
11,2025-12-14 05:32:00,338,18013484
3,2025-12-14 05:31:00,240,15296514
16,2025-12-14 05:30:00,318,18783584
22,2025-12-14 05:29:00,299,21135148
15,2025-12-14 05:28:00,254,19487500
3,2025-12-14 05:27:00,254,13431370
10,2025-12-14 05:26:00,284,13965252
22,2025-12-14 05:25:00,325,11726220
23,2025-12-14 05:24:00,295,12098848
14,2025-12-14 05:23:00,313,12349066
10,2025-12-14 05:22:00,339,16948333
11,2025-12-14 05:21:00,315,15533064
17,2025-12-14 05:20:00,290,14890701
14,2025-12-14 05:19:00,318,11523282
14,2025-12-14 05:18:00,299,21538951
13,2025-12-14 05:17:00,327,14463189
13,2025-12-14 05:15:00,292,11181096
16,2025-12-14 05:14:00,300,14079158
17,2025-12-14 05:13:00,302,17142042
17,2025-12-14 05:12:00,296,15006103
21,2025-12-14 05:11:00,270,14266458
13,2025-12-14 05:10:00,357,22805410
12,2025-12-14 05:09:00,301,21354353
11,2025-12-14 05:08:00,307,17882156
8,2025-12-14 05:07:00,300,15644824
16,2025-12-14 05:06:00,282,22176225
21,2025-12-14 05:05:00,283,19175670
4,2025-12-14 05:04:00,267,18387569
10,2025-12-14 05:03:00,274,10660365
12,2025-12-14 05:02:00,295,15054668
13,2025-12-14 05:01:00,344,15717321
20,2025-12-14 05:00:00,330,27918949
11,2025-12-14 04:58:00,319,20686642
15,2025-12-14 04:57:00,342,16287922
11,2025-12-14 04:56:00,301,18048557
16,2025-12-14 04:55:00,303,20071867
7,2025-12-14 04:54:00,241,15267097
17,2025-12-14 04:53:00,278,17987320
7,2025-12-14 04:52:00,283,12794396
12,2025-12-14 04:51:00,321,19570883
13,2025-12-14 04:50:00,281,16346609
2,2025-12-14 04:49:00,273,18821968
3,2025-12-14 04:48:00,229,17474956
13,2025-12-14 04:47:00,312,19030921
11,2025-12-14 04:46:00,295,20123025
10,2025-12-14 04:45:00,260,18176175
3,2025-12-14 04:44:00,229,19360120
5,2025-12-14 04:43:00,244,19233591
14,2025-12-14 04:41:00,303,18486873
8,2025-12-14 04:40:00,309,11531533
18,2025-12-14 04:39:00,283,17325219
20,2025-12-14 04:38:00,272,12382104
15,2025-12-14 04:37:00,270,9168737
8,2025-12-14 04:36:00,253,12904127
26,2025-12-14 04:35:00,179,14840524
17,2025-12-14 04:34:00,371,26380029
10,2025-12-14 04:33:00,321,24065229
9,2025-12-14 04:32:00,257,12597989
20,2025-12-14 04:31:00,270,23695154
3,2025-12-14 04:30:00,280,17063963
8,2025-12-14 04:29:00,335,22564210
18,2025-12-14 04:28:00,350,27223563
15,2025-12-14 04:27:00,324,16058941
7,2025-12-14 04:26:00,296,13413654
13,2025-12-14 04:24:00,344,19752183
12,2025-12-14 04:23:00,294,13716771
16,2025-12-14 04:22:00,325,18080662
24,2025-12-14 04:21:00,309,21650783
2,2025-12-14 04:20:00,253,24534195
13,2025-12-14 04:19:00,369,19063694
6,2025-12-14 04:18:00,327,24436582
8,2025-12-14 04:17:00,306,25257399
18,2025-12-14 04:16:00,367,23023568
8,2025-12-14 04:15:00,297,21222887
8,2025-12-14 04:14:00,272,18558926
1,2025-12-14 04:13:00,181,24295958
12,2025-12-14 04:12:00,380,22329862
18,2025-12-14 04:11:00,329,19791846
11,2025-12-14 04:10:00,322,28245989
22,2025-12-14 04:09:00,298,27657534
9,2025-12-14 04:07:00,379,24627665
13,2025-12-14 04:06:00,399,22810009
13,2025-12-14 04:05:00,381,21146589
17,2025-12-14 04:04:00,404,30727981
14,2025-12-14 04:03:00,333,17901843
5,2025-12-14 04:02:00,296,14501778
12,2025-12-14 04:01:00,382,23485455
12,2025-12-14 04:00:00,304,23488903
16,2025-12-14 03:59:00,331,23205617
20,2025-12-14 03:58:00,359,23342613
9,2025-12-14 03:57:00,351,23986156
17,2025-12-14 03:56:00,376,25577668
12,2025-12-14 03:55:00,404,28326276
18,2025-12-14 03:54:00,405,26837205
16,2025-12-14 03:53:00,426,27472776
19,2025-12-14 03:52:00,402,35434571
15,2025-12-14 03:50:00,449,37193772
15,2025-12-14 03:49:00,428,38167015
20,2025-12-14 03:48:00,419,39053258
20,2025-12-14 03:47:00,317,48902983
13,2025-12-14 03:46:00,406,33060514
20,2025-12-14 03:45:00,406,31485814
21,2025-12-14 03:44:00,407,36859654
5,2025-12-14 03:43:00,377,34493293
22,2025-12-14 03:42:00,373,36989405
9,2025-12-14 03:41:00,435,40620537
18,2025-12-14 03:40:00,433,18774223
7,2025-12-14 03:39:00,362,26921527
8,2025-12-14 03:38:00,379,29902566
13,2025-12-14 03:37:00,400,26377178
18,2025-12-14 03:36:00,398,20659168
8,2025-12-14 03:35:00,417,22856498
14,2025-12-14 03:33:00,434,28663523
18,2025-12-14 03:32:00,422,22295564
20,2025-12-14 03:31:00,380,30218987
13,2025-12-14 03:30:00,391,28336006
17,2025-12-14 03:29:00,461,17773616
11,2025-12-14 03:28:00,405,32796558
11,2025-12-14 03:27:00,389,23721072
12,2025-12-14 03:26:00,415,45317852
22,2025-12-14 03:25:00,360,50466195
17,2025-12-14 03:24:00,441,30334877
18,2025-12-14 03:23:00,371,42557235
2,2025-12-14 03:22:00,296,44746301
19,2025-12-14 03:21:00,359,18787440
15,2025-12-14 03:20:00,443,39051030
17,2025-12-14 03:19:00,404,33070059
9,2025-12-14 03:18:00,398,43110646
23,2025-12-14 03:16:00,309,32823965
18,2025-12-14 03:15:00,398,21274958
11,2025-12-14 03:14:00,340,19662564
15,2025-12-14 03:13:00,458,23364339
13,2025-12-14 03:12:00,394,22245680
5,2025-12-14 03:11:00,333,28721774
10,2025-12-14 03:10:00,427,22460775
16,2025-12-14 03:09:00,437,28975515
23,2025-12-14 03:08:00,340,37141962
23,2025-12-14 03:07:00,342,34263748
9,2025-12-14 03:06:00,416,29021580
13,2025-12-14 03:05:00,480,29102251
20,2025-12-14 03:04:00,431,34796363
10,2025-12-14 03:03:00,416,41510524
23,2025-12-14 03:02:00,322,20887817
11,2025-12-14 03:01:00,462,34717975
19,2025-12-14 02:59:00,510,28333946
14,2025-12-14 02:58:00,481,48819279
7,2025-12-14 02:57:00,429,46306100
12,2025-12-14 02:56:00,501,36801658
9,2025-12-14 02:55:00,429,33484906
13,2025-12-14 02:54:00,501,36042523
9,2025-12-14 02:53:00,467,33891278
11,2025-12-14 02:52:00,520,26207008
15,2025-12-14 02:51:00,533,22489921
16,2025-12-14 02:50:00,565,35916765
16,2025-12-14 02:49:00,481,31502088
13,2025-12-14 02:48:00,531,26716918
14,2025-12-14 02:47:00,517,32224236
20,2025-12-14 02:46:00,447,41746420
17,2025-12-14 02:45:00,497,25915239
6,2025-12-14 02:43:00,451,24800332
23,2025-12-14 02:42:00,426,32928063
18,2025-12-14 02:41:00,473,46463575
18,2025-12-14 02:40:00,515,34795218
8,2025-12-14 02:39:00,501,37306033
16,2025-12-14 02:38:00,597,34315886
11,2025-12-14 02:37:00,563,29816256
12,2025-12-14 02:36:00,547,48189782
18,2025-12-14 02:35:00,518,38509711
7,2025-12-14 02:34:00,446,43712557
13,2025-12-14 02:33:00,481,39182205
18,2025-12-14 02:32:00,550,48857612
8,2025-12-14 02:31:00,453,44270666
10,2025-12-14 02:30:00,479,47323852
21,2025-12-14 02:28:00,441,38353596
13,2025-12-14 02:27:00,505,35549883
15,2025-12-14 02:26:00,504,46000165
26,2025-12-14 02:25:00,290,52695379
12,2025-12-14 02:24:00,558,50126920
15,2025-12-14 02:23:00,565,33889030
7,2025-12-14 02:22:00,532,35062289
11,2025-12-14 02:21:00,537,30229944
11,2025-12-14 02:20:00,600,30015129
17,2025-12-14 02:19:00,591,31195794
11,2025-12-14 02:18:00,520,31067257
15,2025-12-14 02:17:00,577,36696126
11,2025-12-14 02:16:00,558,26749191
8,2025-12-14 02:15:00,443,37699411
12,2025-12-14 02:14:00,483,24145921
26,2025-12-14 02:12:00,336,38833157
14,2025-12-14 02:11:00,606,28229771
17,2025-12-14 02:10:00,559,34205861
12,2025-12-14 02:09:00,539,36318081
17,2025-12-14 02:08:00,586,32307458
19,2025-12-14 02:07:00,567,32239462
18,2025-12-14 02:06:00,494,31877646
17,2025-12-14 02:05:00,580,32296451
8,2025-12-14 02:04:00,547,31555798
19,2025-12-14 02:03:00,552,37449878
10,2025-12-14 02:02:00,557,37054615
16,2025-12-14 02:01:00,646,36626969
15,2025-12-14 02:00:00,566,39117686
11,2025-12-14 01:58:00,564,35034240
15,2025-12-14 01:57:00,589,40802825
20,2025-12-14 01:56:00,623,35692235
21,2025-12-14 01:55:00,585,43268660
17,2025-12-14 01:54:00,655,43391852
11,2025-12-14 01:53:00,658,42481136
11,2025-12-14 01:52:00,579,46703522
5,2025-12-14 01:51:00,432,44665458
14,2025-12-14 01:50:00,603,39805629
20,2025-12-14 01:49:00,572,42651053
22,2025-12-14 01:48:00,423,38958395
7,2025-12-14 01:47:00,508,41181101
12,2025-12-14 01:46:00,591,37942565
13,2025-12-14 01:45:00,488,36643888
22,2025-12-14 01:43:00,449,35740011
12,2025-12-14 01:42:00,587,42538219
14,2025-12-14 01:41:00,625,32895625
15,2025-12-14 01:40:00,607,47275008
19,2025-12-14 01:39:00,517,42312263
22,2025-12-14 01:38:00,449,33072389
15,2025-12-14 01:37:00,535,26184485
1,2025-12-14 01:36:00,272,28336269
11,2025-12-14 01:35:00,664,41705295
16,2025-12-14 01:34:00,606,31020425
9,2025-12-14 01:33:00,579,43138423
22,2025-12-14 01:32:00,599,38272298
18,2025-12-14 01:31:00,729,49998338
18,2025-12-14 01:30:00,640,44983851
14,2025-12-14 01:29:00,664,44090316
15,2025-12-14 01:27:00,636,40622417
13,2025-12-14 01:26:00,644,50633231
14,2025-12-14 01:25:00,662,55838756
15,2025-12-14 01:24:00,627,43439762
17,2025-12-14 01:23:00,668,51699449
16,2025-12-14 01:22:00,588,41167310
20,2025-12-14 01:21:00,531,40589736
10,2025-12-14 01:20:00,584,39049907
14,2025-12-14 01:19:00,598,50937461
3,2025-12-14 01:18:00,409,28814948
11,2025-12-14 01:17:00,546,36281881
17,2025-12-14 01:16:00,655,38666730
10,2025-12-14 01:15:00,627,32977612
11,2025-12-14 01:14:00,583,45452460
14,2025-12-14 01:13:00,565,34350285
20,2025-12-14 01:11:00,528,52122729
11,2025-12-14 01:10:00,563,35935786
16,2025-12-14 01:09:00,656,35062699
13,2025-12-14 01:08:00,572,44257622
12,2025-12-14 01:07:00,581,49988413
10,2025-12-14 01:06:00,568,42079438
15,2025-12-14 01:05:00,630,25963300
16,2025-12-14 01:04:00,567,28631959
21,2025-12-14 01:03:00,472,38713174
13,2025-12-14 01:02:00,583,26220029
17,2025-12-14 01:01:00,574,31890810
17,2025-12-14 01:00:00,646,45772352
17,2025-12-14 00:59:00,554,44520359
8,2025-12-14 00:58:00,573,34090688
20,2025-12-14 00:56:00,538,45285565
16,2025-12-14 00:55:00,615,36014933
13,2025-12-14 00:54:00,565,37897404
12,2025-12-14 00:53:00,468,26423932
18,2025-12-14 00:52:00,574,30987468
12,2025-12-14 00:51:00,565,28038693
12,2025-12-14 00:50:00,595,35397481
14,2025-12-14 00:49:00,567,34712483
22,2025-12-14 00:48:00,458,36971567
13,2025-12-14 00:47:00,593,39213488
15,2025-12-14 00:46:00,640,36051484
15,2025-12-14 00:45:00,552,33798934
5,2025-12-14 00:44:00,491,40374128
15,2025-12-14 00:43:00,568,46615591
20,2025-12-14 00:42:00,533,47352135
10,2025-12-14 00:40:00,639,39812266
12,2025-12-14 00:39:00,562,45365711
15,2025-12-14 00:38:00,603,35422831
12,2025-12-14 00:37:00,607,38562270
12,2025-12-14 00:36:00,532,30708865
10,2025-12-14 00:35:00,604,30123154
10,2025-12-14 00:34:00,541,24349880
17,2025-12-14 00:33:00,573,35182285
12,2025-12-14 00:32:00,508,31430342
11,2025-12-14 00:31:00,474,27495383
23,2025-12-14 00:30:00,418,37721859
7,2025-12-14 00:29:00,461,31984813
8,2025-12-14 00:28:00,426,33911216
24,2025-12-14 00:27:00,421,36461621
14,2025-12-14 00:26:00,547,32291105
8,2025-12-14 00:24:00,537,32483468
20,2025-12-14 00:23:00,465,32185094
17,2025-12-14 00:22:00,546,24373775
16,2025-12-14 00:21:00,539,31441622
8,2025-12-14 00:20:00,443,33125432
20,2025-12-14 00:19:00,462,28011687
8,2025-12-14 00:18:00,516,31377733
12,2025-12-14 00:17:00,514,33246851
15,2025-12-14 00:16:00,523,31749240
17,2025-12-14 00:15:00,480,34907487
24,2025-12-14 00:14:00,332,29799585
12,2025-12-14 00:13:00,449,29511751
21,2025-12-14 00:12:00,484,28797822
21,2025-12-14 00:11:00,397,42995532
11,2025-12-14 00:10:00,408,26917094
7,2025-12-14 00:08:00,385,37545456
12,2025-12-14 00:07:00,481,36146442
11,2025-12-14 00:06:00,387,17352076
20,2025-12-14 00:05:00,395,35156127
14,2025-12-14 00:04:00,503,27305767
14,2025-12-14 00:03:00,474,23490539
13,2025-12-14 00:02:00,480,26504696
13,2025-12-14 00:01:00,372,52836013
20,2025-12-14 00:00:00,418,31755486
