result,timestamp,winners_count,prize_amount
19,2026-09-08 01:03:00,467,37006000
10,2026-09-08 01:02:00,440,35373000
14,2026-09-08 01:01:00,491,35665000
11,2026-09-08 01:00:00,453,29725000
19,2026-09-08 00:59:00,467,31587000
20,2026-09-08 00:58:00,448,44822000
19,2026-09-08 00:57:00,474,42835000
13,2026-09-08 00:56:00,430,42776000
17,2026-09-08 00:55:00,476,55458000
13,2026-09-08 00:54:00,487,47494000
4,2026-09-08 00:52:00,342,41408000
18,2026-09-08 00:51:00,528,44144000
15,2026-09-08 00:50:00,536,56605000
19,2026-09-08 00:49:00,510,53374000
22,2026-09-08 00:48:00,493,55284000
17,2026-09-08 00:47:00,499,48944000
12,2026-09-08 00:46:00,529,49207000
13,2026-09-08 00:45:00,531,49285000
9,2026-09-08 00:44:00,508,52491000
16,2026-09-08 00:43:00,524,50760000
12,2026-09-08 00:42:00,548,40090000
19,2026-09-08 00:41:00,527,41300000
20,2026-09-08 00:40:00,493,31599000
23,2026-09-08 00:39:00,469,37259000
14,2026-09-08 00:38:00,532,32884000
17,2026-09-08 00:36:00,494,34214000
16,2026-09-08 00:35:00,513,31570000
21,2026-09-08 00:34:00,470,36622000
14,2026-09-08 00:33:00,481,38255000
13,2026-09-08 00:32:00,501,41036000
8,2026-09-08 00:31:00,421,32613000
12,2026-09-08 00:30:00,453,39949000
19,2026-09-08 00:29:00,434,39936000
11,2026-09-08 00:28:00,498,34511000
10,2026-09-08 00:27:00,391,32313000
7,2026-09-08 00:26:00,429,34570000
7,2026-09-08 00:25:00,368,35767000
16,2026-09-08 00:24:00,483,40176000
10,2026-09-08 00:23:00,435,35516000
9,2026-09-08 00:22:00,386,34415000
17,2026-09-08 00:20:00,404,33406000
17,2026-09-08 00:19:00,460,39080000
11,2026-09-08 00:18:00,420,30356000
15,2026-09-08 00:17:00,447,33264000
11,2026-09-08 00:16:00,449,32661000
15,2026-09-08 00:15:00,426,31008000
18,2026-09-08 00:14:00,399,29808000
13,2026-09-08 00:13:00,424,31258000
16,2026-09-08 00:12:00,437,27608000
15,2026-09-08 00:11:00,419,23951000
13,2026-09-08 00:10:00,383,25985000
16,2026-09-08 00:09:00,395,21624000
24,2026-09-08 00:08:00,298,26281000
8,2026-09-08 00:07:00,332,22992000
14,2026-09-08 00:06:00,394,22385000
17,2026-09-08 00:05:00,369,28928000
13,2026-09-08 00:03:00,321,23594000
13,2026-09-08 00:02:00,330,32380000
17,2026-09-08 00:01:00,332,24577000
13,2026-09-08 00:00:00,358,30896000
17,2026-09-07 23:59:00,344,25828000
16,2026-09-07 23:58:00,336,25356000
24,2026-09-07 23:57:00,278,26393000
14,2026-09-07 23:56:00,325,29488000
19,2026-09-07 23:55:00,313,26713000
15,2026-09-07 23:54:00,324,24583000
17,2026-09-07 23:53:00,385,33244000
21,2026-09-07 23:52:00,321,26185000
4,2026-09-07 23:51:00,314,27280000
12,2026-09-07 23:50:00,332,25704000
15,2026-09-07 23:49:00,346,24464000
16,2026-09-07 23:47:00,397,22641000
13,2026-09-07 23:46:00,298,21381000
12,2026-09-07 23:45:00,357,23555000
6,2026-09-07 23:44:00,320,27710000
10,2026-09-07 23:43:00,297,22566000
22,2026-09-07 23:42:00,308,26214000
10,2026-09-07 23:41:00,382,33110000
8,2026-09-07 23:40:00,297,26867000
9,2026-09-07 23:39:00,362,25775000
15,2026-09-07 23:38:00,356,23856000
10,2026-09-07 23:37:00,316,28934000
14,2026-09-07 23:36:00,292,28064000
2,2026-09-07 23:35:00,232,29279000
16,2026-09-07 23:34:00,356,26480000
17,2026-09-07 23:33:00,355,24698000
19,2026-09-07 23:31:00,326,27421000
16,2026-09-07 23:30:00,335,27202000
11,2026-09-07 23:29:00,389,32944000
13,2026-09-07 23:28:00,362,32962000
9,2026-09-07 23:27:00,351,28228000
19,2026-09-07 23:26:00,350,30291000
6,2026-09-07 23:25:00,368,28895000
10,2026-09-07 23:24:00,388,29201000
5,2026-09-07 23:23:00,287,24767000
11,2026-09-07 23:22:00,354,26931000
12,2026-09-07 23:21:00,308,23907000
23,2026-09-07 23:20:00,328,29016000
13,2026-09-07 23:19:00,322,20117000
11,2026-09-07 23:17:00,290,23350000
21,2026-09-07 23:16:00,305,34234000
10,2026-09-07 23:15:00,371,34310000
11,2026-09-07 23:14:00,286,24743000
24,2026-09-07 23:13:00,298,40505000
15,2026-09-07 23:12:00,334,27233000
16,2026-09-07 23:11:00,392,38967000
15,2026-09-07 23:10:00,311,37973000
13,2026-09-07 23:09:00,340,40242000
14,2026-09-07 23:08:00,340,37953000
14,2026-09-07 23:07:00,307,33418000
5,2026-09-07 23:06:00,311,33787000
10,2026-09-07 23:05:00,334,37016000
19,2026-09-07 23:04:00,318,35421000
9,2026-09-07 23:03:00,306,25266000
15,2026-09-07 23:02:00,359,27124000
18,2026-09-07 23:00:00,354,29329000
18,2026-09-07 22:59:00,351,33307000
14,2026-09-07 22:58:00,341,30918000
17,2026-09-07 22:57:00,340,27700000
8,2026-09-07 22:56:00,357,40832000
8,2026-09-07 22:55:00,314,32547000
10,2026-09-07 22:54:00,333,39933000
14,2026-09-07 22:53:00,337,33816000
13,2026-09-07 22:52:00,365,38494000
11,2026-09-07 22:51:00,332,37723000
9,2026-09-07 22:50:00,336,36056000
13,2026-09-07 22:49:00,315,25728000
11,2026-09-07 22:48:00,322,33368000
15,2026-09-07 22:47:00,324,31107000
17,2026-09-07 22:46:00,337,38997000
18,2026-09-07 22:45:00,354,25510000
19,2026-09-07 22:43:00,328,34843000
16,2026-09-07 22:42:00,360,34987000
13,2026-09-07 22:41:00,291,28314000
17,2026-09-07 22:40:00,346,31802000
13,2026-09-07 22:39:00,359,32172000
12,2026-09-07 22:38:00,302,35161000
17,2026-09-07 22:37:00,326,37217000
23,2026-09-07 22:36:00,268,36150000
5,2026-09-07 22:35:00,295,35223000
14,2026-09-07 22:34:00,339,47944000
15,2026-09-07 22:33:00,336,41097000
14,2026-09-07 22:32:00,310,37953000
10,2026-09-07 22:31:00,312,36854000
23,2026-09-07 22:30:00,269,35809000
10,2026-09-07 22:29:00,332,34056000
9,2026-09-07 22:28:00,321,31478000
18,2026-09-07 22:26:00,333,32798000
6,2026-09-07 22:25:00,324,30691000
10,2026-09-07 22:24:00,314,25063000
12,2026-09-07 22:23:00,333,32700000
10,2026-09-07 22:22:00,329,28705000
19,2026-09-07 22:21:00,285,29577000
19,2026-09-07 22:20:00,335,32599000
17,2026-09-07 22:19:00,298,26609000
18,2026-09-07 22:18:00,323,25960000
12,2026-09-07 22:17:00,303,24803000
15,2026-09-07 22:16:00,321,22218000
20,2026-09-07 22:15:00,353,24167000
15,2026-09-07 22:14:00,276,23334000
4,2026-09-07 22:13:00,316,24997000
9,2026-09-07 22:12:00,298,21847000
21,2026-09-07 22:10:00,294,24728000
17,2026-09-07 22:09:00,289,23539000
5,2026-09-07 22:08:00,295,21809000
20,2026-09-07 22:07:00,255,20108000
6,2026-09-07 22:06:00,290,18421000
14,2026-09-07 22:05:00,273,18870000
24,2026-09-07 22:04:00,255,21974000
21,2026-09-07 22:03:00,263,17545000
14,2026-09-07 22:02:00,298,22049000
15,2026-09-07 22:01:00,245,18135000
0,2026-09-07 22:00:00,169,28080000
5,2026-09-07 21:59:00,290,22278000
8,2026-09-07 21:58:00,292,29919000
7,2026-09-07 21:57:00,280,26210000
16,2026-09-07 21:56:00,330,29132000
20,2026-09-07 21:55:00,300,29977000
18,2026-09-07 21:53:00,290,30659000
12,2026-09-07 21:52:00,308,27955000
20,2026-09-07 21:51:00,262,28870000
15,2026-09-07 21:50:00,307,22105000
16,2026-09-07 21:49:00,304,21387000
22,2026-09-07 21:48:00,273,24837000
13,2026-09-07 21:47:00,283,21827000
12,2026-09-07 21:46:00,320,22174000
7,2026-09-07 21:45:00,247,23410000
16,2026-09-07 21:44:00,292,22837000
12,2026-09-07 21:43:00,309,22501000
3,2026-09-07 21:42:00,242,26038000
10,2026-09-07 21:41:00,337,33165000
6,2026-09-07 21:40:00,273,26635000
16,2026-09-07 21:39:00,323,25325000
15,2026-09-07 21:37:00,350,30649000
18,2026-09-07 21:36:00,296,26899000
13,2026-09-07 21:35:00,317,28970000
10,2026-09-07 21:34:00,285,27423000
7,2026-09-07 21:33:00,301,32109000
11,2026-09-07 21:32:00,341,32258000
11,2026-09-07 21:31:00,284,28590000
3,2026-09-07 21:30:00,234,32062000
6,2026-09-07 21:29:00,310,33029000
13,2026-09-07 21:28:00,343,29032000
14,2026-09-07 21:27:00,343,28157000
16,2026-09-07 21:26:00,311,27883000
9,2026-09-07 21:25:00,263,26946000
10,2026-09-07 21:24:00,327,32925000
14,2026-09-07 21:23:00,317,26891000
13,2026-09-07 21:21:00,286,24925000
18,2026-09-07 21:20:00,336,25187000
18,2026-09-07 21:19:00,309,33685000
12,2026-09-07 21:18:00,306,28350000
11,2026-09-07 21:17:00,285,27181000
13,2026-09-07 21:16:00,281,32159000
12,2026-09-07 21:15:00,309,30500000
12,2026-09-07 21:14:00,269,27738000
11,2026-09-07 21:13:00,289,27888000
14,2026-09-07 21:12:00,306,25899000
14,2026-09-07 21:11:00,278,23975000
12,2026-09-07 21:10:00,286,22750000
14,2026-09-07 21:09:00,295,26869000
15,2026-09-07 21:08:00,290,24965000
13,2026-09-07 21:07:00,261,21155000
20,2026-09-07 21:06:00,272,24330000
17,2026-09-07 21:05:00,311,20810000
13,2026-09-07 21:03:00,279,21743000
20,2026-09-07 21:02:00,304,25974000
7,2026-09-07 21:01:00,228,21668000
15,2026-09-07 21:00:00,272,19757000
14,2026-09-07 20:59:00,295,23335000
13,2026-09-07 20:58:00,271,24851000
19,2026-09-07 20:57:00,312,34400000
16,2026-09-07 20:56:00,321,23634000
16,2026-09-07 20:55:00,283,22283000
13,2026-09-07 20:54:00,279,22947000
20,2026-09-07 20:53:00,292,24954000
17,2026-09-07 20:52:00,287,21170000
14,2026-09-07 20:51:00,281,21993000
14,2026-09-07 20:50:00,284,24683000
19,2026-09-07 20:49:00,260,23471000
6,2026-09-07 20:48:00,261,23651000
25,2026-09-07 20:46:00,217,25082000
19,2026-09-07 20:45:00,256,24049000
14,2026-09-07 20:44:00,298,25777000
4,2026-09-07 20:43:00,219,19753000
11,2026-09-07 20:42:00,278,22852000
20,2026-09-07 20:41:00,242,20791000
11,2026-09-07 20:40:00,273,18563000
16,2026-09-07 20:39:00,299,22324000
9,2026-09-07 20:38:00,300,25088000
9,2026-09-07 20:37:00,276,27191000
21,2026-09-07 20:36:00,274,25357000
6,2026-09-07 20:35:00,295,26074000
12,2026-09-07 20:34:00,281,26287000
23,2026-09-07 20:33:00,248,24871000
17,2026-09-07 20:32:00,294,31861000
9,2026-09-07 20:30:00,297,25623000
8,2026-09-07 20:29:00,240,24364000
10,2026-09-07 20:28:00,282,26622000
16,2026-09-07 20:27:00,303,27077000
12,2026-09-07 20:26:00,293,25163000
23,2026-09-07 20:25:00,260,37209000
6,2026-09-07 20:24:00,271,33193000
19,2026-09-07 20:23:00,283,36400000
7,2026-09-07 20:22:00,258,26653000
18,2026-09-07 20:21:00,314,37370000
14,2026-09-07 20:20:00,289,30989000
5,2026-09-07 20:19:00,249,34969000
10,2026-09-07 20:18:00,290,37426000
12,2026-09-07 20:17:00,247,35332000
26,2026-09-07 20:16:00,172,44501000
5,2026-09-07 20:15:00,250,31288000
16,2026-09-07 20:13:00,266,36942000
23,2026-09-07 20:12:00,238,35738000
18,2026-09-07 20:11:00,296,31347000
14,2026-09-07 20:10:00,286,23941000
10,2026-09-07 20:09:00,276,38659000
11,2026-09-07 20:08:00,280,33019000
10,2026-09-07 20:07:00,272,34477000
14,2026-09-07 20:06:00,250,33037000
8,2026-09-07 20:05:00,267,42075000
18,2026-09-07 20:04:00,307,35841000
14,2026-09-07 20:03:00,294,34940000
11,2026-09-07 20:02:00,299,26594000
13,2026-09-07 20:01:00,284,21622000
12,2026-09-07 20:00:00,277,38245000
9,2026-09-07 19:59:00,254,22655000
13,2026-09-07 19:58:00,245,23746000
9,2026-09-07 19:56:00,257,35520000
24,2026-09-07 19:55:00,218,41384000
5,2026-09-07 19:54:00,234,18893000
14,2026-09-07 19:53:00,280,37408000
22,2026-09-07 19:52:00,237,18698000
16,2026-09-07 19:51:00,318,37454000
16,2026-09-07 19:50:00,256,19233000
7,2026-09-07 19:49:00,291,38808000
7,2026-09-07 19:48:00,259,30239000
19,2026-09-07 19:47:00,265,32493000
11,2026-09-07 19:46:00,290,37513000
13,2026-09-07 19:45:00,277,36056000
3,2026-09-07 19:44:00,273,19776000
5,2026-09-07 19:43:00,230,17956000
15,2026-09-07 19:42:00,308,20589000
10,2026-09-07 19:40:00,342,20521000
8,2026-09-07 19:39:00,314,34808000
7,2026-09-07 19:38:00,266,22844000
3,2026-09-07 19:37:00,221,17272000
7,2026-09-07 19:36:00,302,11748000
8,2026-09-07 19:35:00,273,16672000
15,2026-09-07 19:34:00,350,20699000
15,2026-09-07 19:33:00,295,18403000
11,2026-09-07 19:32:00,326,17953000
8,2026-09-07 19:31:00,280,13682000
19,2026-09-07 19:30:00,301,13782000
19,2026-09-07 19:29:00,328,19187000
21,2026-09-07 19:28:00,272,14945000
5,2026-09-07 19:27:00,240,16866000
9,2026-09-07 19:26:00,265,17622000
13,2026-09-07 19:24:00,268,15153000
15,2026-09-07 19:23:00,291,18998000
16,2026-09-07 19:22:00,285,24271000
11,2026-09-07 19:21:00,231,20866000
24,2026-09-07 19:20:00,217,24827000
13,2026-09-07 19:19:00,285,19131000
8,2026-09-07 19:18:00,268,17998000
9,2026-09-07 19:17:00,244,18618000
7,2026-09-07 19:16:00,243,22477000
20,2026-09-07 19:15:00,271,24641000
11,2026-09-07 19:14:00,274,20798000
11,2026-09-07 19:13:00,286,25850000
17,2026-09-07 19:12:00,275,27277000
15,2026-09-07 19:11:00,282,28449000
9,2026-09-07 19:10:00,269,20095000
19,2026-09-07 19:09:00,247,22036000
10,2026-09-07 19:07:00,273,18137000
11,2026-09-07 19:06:00,224,13450000
27,2026-09-07 19:05:00,166,51687000
16,2026-09-07 19:04:00,308,23539000
16,2026-09-07 19:03:00,281,22379000
17,2026-09-07 19:02:00,287,30066000
13,2026-09-07 19:01:00,289,25906000
20,2026-09-07 19:00:00,237,26097000
13,2026-09-07 18:59:00,280,21719000
20,2026-09-07 18:58:00,250,22118000
16,2026-09-07 18:57:00,306,27081000
16,2026-09-07 18:56:00,312,28193000
9,2026-09-07 18:55:00,296,29569000
12,2026-09-07 18:54:00,296,30043000
7,2026-09-07 18:53:00,266,25906000
18,2026-09-07 18:52:00,306,28388000
8,2026-09-07 18:50:00,298,29101000
12,2026-09-07 18:49:00,266,24687000
20,2026-09-07 18:48:00,287,23706000
13,2026-09-07 18:47:00,291,21548000
13,2026-09-07 18:46:00,267,18911000
15,2026-09-07 18:45:00,310,21239000
16,2026-09-07 18:44:00,314,26219000
11,2026-09-07 18:43:00,266,23839000
10,2026-09-07 18:42:00,275,21591000
13,2026-09-07 18:41:00,276,17658000
17,2026-09-07 18:40:00,347,27744000
14,2026-09-07 18:39:00,310,27334000
13,2026-09-07 18:38:00,214,19661000
18,2026-09-07 18:37:00,295,18241000
19,2026-09-07 18:36:00,261,31862000
6,2026-09-07 18:34:00,272,26106000
15,2026-09-07 18:33:00,308,28831000
14,2026-09-07 18:32:00,316,25608000
17,2026-09-07 18:31:00,287,26211000
15,2026-09-07 18:30:00,302,28601000
19,2026-09-07 18:29:00,244,29501000
14,2026-09-07 18:28:00,321,28262000
16,2026-09-07 18:27:00,275,20048000
8,2026-09-07 18:26:00,258,21535000
16,2026-09-07 18:25:00,304,31857000
22,2026-09-07 18:24:00,255,25856000
9,2026-09-07 18:23:00,271,24568000
21,2026-09-07 18:22:00,256,23066000
14,2026-09-07 18:21:00,312,33300000
15,2026-09-07 18:20:00,305,31696000
19,2026-09-07 18:19:00,311,26719000
11,2026-09-07 18:17:00,267,21573000
5,2026-09-07 18:16:00,236,24411000
14,2026-09-07 18:15:00,300,28539000
13,2026-09-07 18:14:00,280,24235000
12,2026-09-07 18:13:00,256,18472000
23,2026-09-07 18:12:00,239,15020000
21,2026-09-07 18:11:00,295,19570000
19,2026-09-07 18:10:00,283,18046000
12,2026-09-07 18:09:00,284,18770000
12,2026-09-07 18:08:00,269,27912000
20,2026-09-07 18:07:00,270,18352000
19,2026-09-07 18:06:00,235,26452000
11,2026-09-07 18:05:00,250,17259000
5,2026-09-07 18:04:00,231,34502000
14,2026-09-07 18:03:00,299,33324000
7,2026-09-07 18:02:00,245,19603000
19,2026-09-07 18:01:00,262,29417000
12,2026-09-07 17:59:00,231,18764000
16,2026-09-07 17:58:00,261,17738000
13,2026-09-07 17:57:00,264,18850000
11,2026-09-07 17:56:00,269,20911000
16,2026-09-07 17:55:00,271,19449000
14,2026-09-07 17:54:00,284,19364000
3,2026-09-07 17:53:00,197,32235000
14,2026-09-07 17:52:00,280,33884000
12,2026-09-07 17:51:00,269,31985000
17,2026-09-07 17:50:00,280,30465000
15,2026-09-07 17:49:00,264,29983000
14,2026-09-07 17:48:00,246,23949000
2,2026-09-07 17:47:00,227,38233000
23,2026-09-07 17:46:00,251,37213000
17,2026-09-07 17:44:00,290,23948000
17,2026-09-07 17:43:00,292,23341000
15,2026-09-07 17:42:00,289,24366000
5,2026-09-07 17:41:00,217,27673000
12,2026-09-07 17:40:00,271,35440000
9,2026-09-07 17:39:00,256,28664000
22,2026-09-07 17:38:00,246,26431000
14,2026-09-07 17:37:00,296,19943000
25,2026-09-07 17:36:00,203,31798000
10,2026-09-07 17:35:00,290,30847000
8,2026-09-07 17:34:00,256,34206000
15,2026-09-07 17:33:00,265,31317000
21,2026-09-07 17:32:00,225,26369000
17,2026-09-07 17:31:00,314,31663000
8,2026-09-07 17:30:00,297,35244000
16,2026-09-07 17:28:00,280,28429000
12,2026-09-07 17:27:00,241,27645000
20,2026-09-07 17:26:00,287,32924000
11,2026-09-07 17:25:00,270,29089000
4,2026-09-07 17:24:00,250,28675000
17,2026-09-07 17:23:00,300,27871000
9,2026-09-07 17:22:00,250,21368000
16,2026-09-07 17:21:00,306,30884000
2,2026-09-07 17:20:00,211,25109000
13,2026-09-07 17:19:00,261,26037000
23,2026-09-07 17:18:00,261,27237000
17,2026-09-07 17:17:00,333,27392000
9,2026-09-07 17:16:00,275,28100000
19,2026-09-07 17:14:00,272,21182000
4,2026-09-07 17:13:00,265,22631000
14,2026-09-07 17:12:00,327,22573000
16,2026-09-07 17:11:00,312,18844000
18,2026-09-07 17:10:00,318,25281000
12,2026-09-07 17:09:00,273,20247000
17,2026-09-07 17:08:00,301,19936000
16,2026-09-07 17:07:00,281,18617000
16,2026-09-07 17:06:00,276,18949000
13,2026-09-07 17:05:00,282,20607000
22,2026-09-07 17:04:00,265,18786000
21,2026-09-07 17:03:00,246,22377000
12,2026-09-07 17:02:00,323,23914000
13,2026-09-07 17:01:00,279,18592000
15,2026-09-07 16:59:00,293,24228000
22,2026-09-07 16:58:00,252,19576000
16,2026-09-07 16:57:00,286,24928000
23,2026-09-07 16:56:00,237,30113000
9,2026-09-07 16:55:00,284,29321000
16,2026-09-07 16:54:00,297,27250000
11,2026-09-07 16:53:00,294,27299000
11,2026-09-07 16:52:00,274,36862000
8,2026-09-07 16:51:00,270,28967000
12,2026-09-07 16:50:00,265,35802000
19,2026-09-07 16:49:00,252,27455000
12,2026-09-07 16:48:00,296,32225000
14,2026-09-07 16:47:00,305,29983000
15,2026-09-07 16:46:00,293,34784000
16,2026-09-07 16:44:00,289,29502000
13,2026-09-07 16:43:00,257,28854000
9,2026-09-07 16:42:00,234,19511000
25,2026-09-07 16:41:00,212,24652000
14,2026-09-07 16:40:00,263,25997000
14,2026-09-07 16:39:00,280,24330000
15,2026-09-07 16:38:00,288,28896000
20,2026-09-07 16:37:00,246,28196000
10,2026-09-07 16:36:00,271,30571000
20,2026-09-07 16:35:00,256,26173000
8,2026-09-07 16:34:00,261,27273000
10,2026-09-07 16:33:00,284,24409000
21,2026-09-07 16:32:00,249,25753000
10,2026-09-07 16:31:00,286,22145000
15,2026-09-07 16:29:00,264,24104000
19,2026-09-07 16:28:00,294,19749000
22,2026-09-07 16:27:00,253,28071000
10,2026-09-07 16:26:00,319,28894000
12,2026-09-07 16:25:00,271,21719000
21,2026-09-07 16:24:00,258,23840000
16,2026-09-07 16:23:00,285,23752000
9,2026-09-07 16:22:00,307,22735000
11,2026-09-07 16:21:00,284,25832000
10,2026-09-07 16:20:00,318,26745000
17,2026-09-07 16:19:00,254,25131000
8,2026-09-07 16:18:00,279,26660000
17,2026-09-07 16:17:00,325,31823000
14,2026-09-07 16:15:00,304,35118000
12,2026-09-07 16:14:00,267,26905000
9,2026-09-07 16:13:00,292,27637000
11,2026-09-07 16:12:00,293,24158000
12,2026-09-07 16:11:00,289,24523000
12,2026-09-07 16:10:00,284,22549000
8,2026-09-07 16:09:00,278,24668000
16,2026-09-07 16:08:00,292,23828000
19,2026-09-07 16:07:00,264,28525000
11,2026-09-07 16:06:00,285,26971000
9,2026-09-07 16:05:00,274,28439000
13,2026-09-07 16:04:00,279,22450000
13,2026-09-07 16:03:00,275,22627000
10,2026-09-07 16:02:00,303,21907000
14,2026-09-07 16:01:00,258,21774000
10,2026-09-07 15:59:00,267,21920000
14,2026-09-07 15:58:00,304,21718000
15,2026-09-07 15:57:00,273,29226000
7,2026-09-07 15:56:00,266,25550000
13,2026-09-07 15:55:00,274,23705000
12,2026-09-07 15:54:00,289,23904000
13,2026-09-07 15:53:00,279,17729000
12,2026-09-07 15:52:00,276,19324000
6,2026-09-07 15:51:00,257,18932000
9,2026-09-07 15:50:00,271,26962000
21,2026-09-07 15:49:00,243,23342000
11,2026-09-07 15:48:00,267,25698000
13,2026-09-07 15:47:00,251,25539000
21,2026-09-07 15:46:00,290,28127000
17,2026-09-07 15:45:00,287,26605000
17,2026-09-07 15:44:00,270,29202000
9,2026-09-07 15:42:00,239,25028000
14,2026-09-07 15:41:00,303,25441000
14,2026-09-07 15:40:00,279,25454000
8,2026-09-07 15:39:00,270,18532000
16,2026-09-07 15:38:00,293,26353000
14,2026-09-07 15:37:00,266,29270000
21,2026-09-07 15:36:00,260,23266000
8,2026-09-07 15:35:00,242,24399000
21,2026-09-07 15:34:00,254,26857000
10,2026-09-07 15:33:00,277,22809000
9,2026-09-07 15:32:00,275,22300000
5,2026-09-07 15:31:00,236,24024000
24,2026-09-07 15:30:00,270,31320000
9,2026-09-07 15:29:00,282,30912000
9,2026-09-07 15:27:00,264,24361000
9,2026-09-07 15:26:00,254,20678000
21,2026-09-07 15:25:00,308,21786000
23,2026-09-07 15:24:00,268,20212000
4,2026-09-07 15:23:00,258,27583000
6,2026-09-07 15:22:00,263,22253000
9,2026-09-07 15:21:00,272,21158000
11,2026-09-07 15:20:00,268,18794000
24,2026-09-07 15:19:00,233,19107000
11,2026-09-07 15:18:00,298,17926000
18,2026-09-07 15:17:00,306,24851000
15,2026-09-07 15:16:00,285,19818000
17,2026-09-07 15:15:00,279,18446000
5,2026-09-07 15:14:00,279,25435000
17,2026-09-07 15:13:00,324,26521000
11,2026-09-07 15:11:00,274,20998000
13,2026-09-07 15:10:00,286,14908000
22,2026-09-07 15:09:00,323,16763000
8,2026-09-07 15:08:00,286,17560000
20,2026-09-07 15:07:00,321,21390000
10,2026-09-07 15:06:00,278,18852000
22,2026-09-07 15:05:00,264,17717000
9,2026-09-07 15:04:00,306,18807000
8,2026-09-07 15:03:00,283,19609000
18,2026-09-07 15:02:00,294,19110000
15,2026-09-07 15:01:00,270,17323000
16,2026-09-07 15:00:00,314,19488000
12,2026-09-07 14:59:00,262,15588000
14,2026-09-07 14:58:00,291,18784000
13,2026-09-07 14:57:00,301,17760000
8,2026-09-07 14:55:00,272,16777000
25,2026-09-07 14:54:00,197,16980000
14,2026-09-07 14:53:00,314,21789000
19,2026-09-07 14:52:00,320,23110000
8,2026-09-07 14:51:00,273,23584000
13,2026-09-07 14:50:00,319,19121000
12,2026-09-07 14:49:00,290,20895000
17,2026-09-07 14:48:00,321,17450000
18,2026-09-07 14:47:00,312,28351000
9,2026-09-07 14:46:00,271,22211000
8,2026-09-07 14:45:00,271,18426000
10,2026-09-07 14:44:00,305,21558000
14,2026-09-07 14:43:00,272,17946000
14,2026-09-07 14:42:00,313,22727000
12,2026-09-07 14:41:00,286,23307000
16,2026-09-07 14:39:00,305,24604000
12,2026-09-07 14:38:00,271,23726000
20,2026-09-07 14:37:00,224,18427000
6,2026-09-07 14:36:00,233,17641000
15,2026-09-07 14:35:00,267,16414000
18,2026-09-07 14:34:00,221,12992000
11,2026-09-07 14:33:00,258,22961000
7,2026-09-07 14:32:00,263,19007000
14,2026-09-07 14:31:00,284,24989000
17,2026-09-07 14:30:00,301,25764000
14,2026-09-07 14:29:00,327,17071000
17,2026-09-07 14:28:00,287,21600000
13,2026-09-07 14:27:00,272,25843000
11,2026-09-07 14:26:00,298,25077000
9,2026-09-07 14:25:00,303,27046000
15,2026-09-07 14:24:00,277,28010000
18,2026-09-07 14:23:00,282,21903000
7,2026-09-07 14:22:00,233,24858000
13,2026-09-07 14:20:00,256,24390000
20,2026-09-07 14:19:00,266,21208000
13,2026-09-07 14:18:00,263,24208000
18,2026-09-07 14:17:00,275,22085000
16,2026-09-07 14:16:00,294,22915000
19,2026-09-07 14:15:00,272,17418000
9,2026-09-07 14:14:00,282,20915000
20,2026-09-07 14:13:00,283,20466000
18,2026-09-07 14:12:00,268,17771000
12,2026-09-07 14:11:00,268,17864000
10,2026-09-07 14:10:00,250,13359000
13,2026-09-07 14:09:00,282,21925000
13,2026-09-07 14:08:00,261,15910000
7,2026-09-07 14:07:00,257,18114000
4,2026-09-07 14:06:00,223,20925000
17,2026-09-07 14:05:00,262,23426000
11,2026-09-07 14:03:00,229,23028000
15,2026-09-07 14:02:00,283,21532000
9,2026-09-07 14:01:00,249,16719000
10,2026-09-07 14:00:00,272,19546000
10,2026-09-07 13:59:00,226,19596000
22,2026-09-07 13:58:00,263,17388000
6,2026-09-07 13:57:00,274,13870000
5,2026-09-07 13:56:00,224,13847000
18,2026-09-07 13:55:00,260,17243000
24,2026-09-07 13:54:00,223,17611000
2,2026-09-07 13:53:00,186,19465000
13,2026-09-07 13:52:00,250,19702000
19,2026-09-07 13:51:00,240,18291000
4,2026-09-07 13:50:00,248,19112000
22,2026-09-07 13:48:00,234,18408000
16,2026-09-07 13:47:00,306,22031000
17,2026-09-07 13:46:00,261,15927000
16,2026-09-07 13:45:00,293,17467000
5,2026-09-07 13:44:00,275,18318000
15,2026-09-07 13:43:00,311,19279000
8,2026-09-07 13:42:00,293,17477000
14,2026-09-07 13:41:00,286,22827000
8,2026-09-07 13:40:00,262,17461000
14,2026-09-07 13:39:00,256,16440000
10,2026-09-07 13:38:00,265,16892000
19,2026-09-07 13:37:00,245,15800000
14,2026-09-07 13:36:00,265,22341000
6,2026-09-07 13:35:00,257,21331000
21,2026-09-07 13:34:00,224,17140000
4,2026-09-07 13:33:00,241,13314000
20,2026-09-07 13:31:00,263,17302000
21,2026-09-07 13:30:00,247,23140000
23,2026-09-07 13:29:00,201,17740000
11,2026-09-07 13:28:00,265,23950000
20,2026-09-07 13:27:00,249,15373000
18,2026-09-07 13:26:00,261,19658000
10,2026-09-07 13:25:00,263,18042000
11,2026-09-07 13:24:00,251,19539000
11,2026-09-07 13:23:00,249,13189000
20,2026-09-07 13:22:00,249,16590000
10,2026-09-07 13:21:00,226,15387000
20,2026-09-07 13:20:00,253,19725000
10,2026-09-07 13:19:00,304,19553000
11,2026-09-07 13:18:00,261,16031000
6,2026-09-07 13:17:00,232,17653000
24,2026-09-07 13:15:00,199,18289000
14,2026-09-07 13:14:00,239,13927000
22,2026-09-07 13:13:00,235,41328000
13,2026-09-07 13:12:00,255,12432000
14,2026-09-07 13:11:00,287,18647000
10,2026-09-07 13:10:00,269,15911000
9,2026-09-07 13:09:00,242,16615000
24,2026-09-07 13:08:00,220,15700000
25,2026-09-07 13:07:00,179,19801000
7,2026-09-07 13:06:00,209,17816000
13,2026-09-07 13:05:00,255,21292000
19,2026-09-07 13:04:00,231,10752000
10,2026-09-07 13:03:00,278,15651000
17,2026-09-07 13:02:00,251,12419000
8,2026-09-07 13:01:00,262,19615000
16,2026-09-07 13:00:00,267,21255000
16,2026-09-07 13:00:00,267,21255000
8,2026-09-07 12:58:00,242,18113000
6,2026-09-07 12:57:00,217,23503000
15,2026-09-07 12:56:00,230,23744000
4,2026-09-07 12:55:00,222,23011000
13,2026-09-07 12:54:00,248,25538000
17,2026-09-07 12:53:00,268,20601000
14,2026-09-07 12:52:00,231,15569000
12,2026-09-07 12:51:00,256,16600000
20,2026-09-07 12:50:00,249,14852000
14,2026-09-07 12:49:00,250,14485000
20,2026-09-07 12:48:00,246,15575000
6,2026-09-07 12:47:00,245,17246000
8,2026-09-07 12:46:00,238,11353000
3,2026-09-07 12:45:00,179,13515000
18,2026-09-07 12:44:00,250,17112000
16,2026-09-07 12:42:00,253,15001000
20,2026-09-07 12:41:00,234,18994000
11,2026-09-07 12:40:00,260,15425000
14,2026-09-07 12:39:00,252,15348000
13,2026-09-07 12:38:00,263,14432000
6,2026-09-07 12:37:00,208,12943000
10,2026-09-07 12:36:00,269,17574000
12,2026-09-07 12:35:00,264,16713000
10,2026-09-07 12:34:00,220,16863000
21,2026-09-07 12:33:00,199,12791000
12,2026-09-07 12:32:00,226,13184000
10,2026-09-07 12:31:00,254,14565000
12,2026-09-07 12:30:00,213,14074000
16,2026-09-07 12:29:00,247,13163000
13,2026-09-07 12:28:00,247,14287000
12,2026-09-07 12:27:00,231,14170000
15,2026-09-07 12:25:00,218,13605000
17,2026-09-07 12:24:00,209,12425000
10,2026-09-07 12:23:00,242,12465000
12,2026-09-07 12:22:00,255,12621000
10,2026-09-07 12:21:00,224,14235000
14,2026-09-07 12:20:00,201,11976000
11,2026-09-07 12:19:00,212,14866000
6,2026-09-07 12:18:00,227,10300000
5,2026-09-07 12:17:00,201,11699000
11,2026-09-07 12:16:00,189,14490000
19,2026-09-07 12:15:00,192,14359000
12,2026-09-07 12:14:00,212,13350000
12,2026-09-07 12:13:00,240,16991000
12,2026-09-07 12:12:00,180,10844000
20,2026-09-07 12:10:00,197,15833000
22,2026-09-07 12:09:00,180,11687000
9,2026-09-07 12:08:00,196,11767000
12,2026-09-07 12:07:00,223,13530000
13,2026-09-07 12:06:00,187,11471000
13,2026-09-07 12:05:00,225,10640000
9,2026-09-07 12:04:00,227,12403000
15,2026-09-07 12:03:00,221,11711000
15,2026-09-07 12:02:00,196,11775000
5,2026-09-07 12:01:00,224,13058000
8,2026-09-07 12:00:00,234,18127000
22,2026-09-07 11:59:00,209,10840000
22,2026-09-07 11:58:00,210,12262000
22,2026-09-07 11:57:00,180,10529000
15,2026-09-07 11:56:00,201,12995000
9,2026-09-07 11:54:00,214,11494000
4,2026-09-07 11:53:00,185,12066000
12,2026-09-07 11:52:00,203,14440000
13,2026-09-07 11:51:00,233,13983000
16,2026-09-07 11:50:00,226,13033000
8,2026-09-07 11:49:00,197,13827000
15,2026-09-07 11:48:00,198,10033000
11,2026-09-07 11:47:00,207,12263000
14,2026-09-07 11:46:00,221,11788000
7,2026-09-07 11:45:00,190,11831000
13,2026-09-07 11:44:00,209,12903000
8,2026-09-07 11:43:00,200,12672000
11,2026-09-07 11:42:00,176,10852000
4,2026-09-07 11:41:00,154,11441000
7,2026-09-07 11:40:00,170,9450696
8,2026-09-07 11:38:00,198,12747000
17,2026-09-07 11:37:00,197,12010000
17,2026-09-07 11:36:00,215,14518000
15,2026-09-07 11:35:00,185,11042000
11,2026-09-07 11:34:00,169,11915000
14,2026-09-07 11:33:00,194,10739000
16,2026-09-07 11:32:00,205,10123000
10,2026-09-07 11:31:00,196,13112000
9,2026-09-07 11:30:00,187,9413520
17,2026-09-07 11:29:00,208,9405844
16,2026-09-07 11:28:00,190,11167000
15,2026-09-07 11:27:00,214,12839000
13,2026-09-07 11:26:00,198,11725000
18,2026-09-07 11:25:00,196,11653000
6,2026-09-07 11:24:00,168,10377000
21,2026-09-07 11:23:00,187,13776000
12,2026-09-07 11:21:00,183,18149000
19,2026-09-07 11:20:00,188,14904000
11,2026-09-07 11:19:00,183,11701000
12,2026-09-07 11:18:00,182,10843000
9,2026-09-07 11:17:00,160,12721000
22,2026-09-07 11:16:00,187,14227000
19,2026-09-07 11:15:00,180,12706000
11,2026-09-07 11:14:00,169,14889000
11,2026-09-07 11:13:00,189,14666000
12,2026-09-07 11:12:00,164,12983000
19,2026-09-07 11:11:00,160,10991000
7,2026-09-07 11:10:00,184,13224000
6,2026-09-07 11:09:00,162,11125000
17,2026-09-07 11:08:00,189,13888000
10,2026-09-07 11:07:00,178,14736000
15,2026-09-07 11:06:00,188,14407000
26,2026-09-07 11:04:00,118,16344000
19,2026-09-07 11:03:00,193,15283000
14,2026-09-07 11:02:00,193,14872000
4,2026-09-07 11:01:00,156,14371000
14,2026-09-07 11:00:00,200,13967000
12,2026-09-07 10:59:00,188,16399000
12,2026-09-07 10:58:00,178,12572000
26,2026-09-07 10:57:00,154,25946000
15,2026-09-07 10:56:00,174,14145000
7,2026-09-07 10:55:00,229,20156000
4,2026-09-07 10:54:00,195,16413000
23,2026-09-07 10:53:00,228,21626000
25,2026-09-07 10:52:00,196,18015000
16,2026-09-07 10:51:00,224,19799000
11,2026-09-07 10:49:00,203,15215000
10,2026-09-07 10:48:00,224,22345000
10,2026-09-07 10:47:00,202,19633000
11,2026-09-07 10:46:00,201,15978000
17,2026-09-07 10:45:00,219,16733000
8,2026-09-07 10:44:00,227,12347000
16,2026-09-07 10:43:00,249,17904000
21,2026-09-07 10:42:00,199,13541000
20,2026-09-07 10:41:00,203,15119000
16,2026-09-07 10:40:00,217,12186000
18,2026-09-07 10:39:00,196,22481000
18,2026-09-07 10:38:00,194,19300000
10,2026-09-07 10:37:00,210,16262000
9,2026-09-07 10:36:00,200,12723000
2,2026-09-07 10:35:00,136,15719000
10,2026-09-07 10:34:00,197,14315000
14,2026-09-07 10:32:00,185,14214000
7,2026-09-07 10:31:00,160,17187000
15,2026-09-07 10:30:00,207,14051000
10,2026-09-07 10:29:00,188,14330000
9,2026-09-07 10:28:00,196,14588000
13,2026-09-07 10:27:00,143,12284000
19,2026-09-07 10:26:00,174,11027000
12,2026-09-07 10:25:00,174,15225000
11,2026-09-07 10:24:00,187,10044000
12,2026-09-07 10:23:00,177,13279000
15,2026-09-07 10:22:00,206,11346000
19,2026-09-07 10:21:00,159,9453751
9,2026-09-07 10:20:00,182,11964000
10,2026-09-07 10:19:00,170,8948757
16,2026-09-07 10:17:00,216,14455000
16,2026-09-07 10:16:00,224,17855000
23,2026-09-07 10:15:00,179,15048000
18,2026-09-07 10:14:00,186,15742000
8,2026-09-07 10:13:00,171,12973000
14,2026-09-07 10:12:00,198,14906000
19,2026-09-07 10:11:00,177,11431000
16,2026-09-07 10:10:00,185,16499000
17,2026-09-07 10:09:00,205,15930000
16,2026-09-07 10:08:00,192,11300000
15,2026-09-07 10:07:00,186,10509000
14,2026-09-07 10:06:00,185,8646512
23,2026-09-07 10:05:00,155,7375111
18,2026-09-07 10:04:00,172,9133670
13,2026-09-07 10:03:00,165,7306863
10,2026-09-07 10:01:00,183,8097390
13,2026-09-07 10:00:00,163,11245000
15,2026-09-07 09:59:00,203,14798000
15,2026-09-07 09:58:00,205,13218000
14,2026-09-07 09:57:00,201,11316000
17,2026-09-07 09:56:00,188,9972706
17,2026-09-07 09:55:00,183,12630000
16,2026-09-07 09:54:00,182,11935000
7,2026-09-07 09:53:00,182,10400000
14,2026-09-07 09:52:00,177,12829000
10,2026-09-07 09:51:00,158,11598000
21,2026-09-07 09:50:00,166,10442000
12,2026-09-07 09:49:00,195,13604000
17,2026-09-07 09:48:00,169,16226000
9,2026-09-07 09:47:00,192,13633000
18,2026-09-07 09:46:00,160,14337000
10,2026-09-07 09:44:00,165,15923000
13,2026-09-07 09:43:00,136,13997000
24,2026-09-07 09:42:00,157,13342000
11,2026-09-07 09:41:00,181,16882000
11,2026-09-07 09:40:00,174,18317000
12,2026-09-07 09:39:00,151,17288000
18,2026-09-07 09:38:00,173,16724000
8,2026-09-07 09:37:00,179,15838000
12,2026-09-07 09:36:00,161,15223000
17,2026-09-07 09:35:00,152,14792000
21,2026-09-07 09:34:00,170,15709000
12,2026-09-07 09:33:00,154,9990811
6,2026-09-07 09:32:00,168,12486000
9,2026-09-07 09:31:00,171,15515000
4,2026-09-07 09:30:00,165,17297000
15,2026-09-07 09:28:00,150,14993000
20,2026-09-07 09:27:00,177,13790000
23,2026-09-07 09:26:00,148,17265000
9,2026-09-07 09:25:00,184,16442000
3,2026-09-07 09:24:00,141,15753000
20,2026-09-07 09:23:00,171,15654000
20,2026-09-07 09:22:00,192,19465000
13,2026-09-07 09:21:00,179,22652000
8,2026-09-07 09:20:00,167,20901000
11,2026-09-07 09:19:00,198,16535000
19,2026-09-07 09:18:00,168,13686000
6,2026-09-07 09:17:00,156,14973000
14,2026-09-07 09:16:00,171,13752000
13,2026-09-07 09:15:00,197,26148000
16,2026-09-07 09:14:00,200,11239000
17,2026-09-07 09:12:00,165,14276000
7,2026-09-07 09:11:00,171,14030000
14,2026-09-07 09:10:00,195,16445000
18,2026-09-07 09:09:00,180,17776000
7,2026-09-07 09:08:00,158,16956000
17,2026-09-07 09:07:00,167,13890000
14,2026-09-07 09:06:00,190,14697000
17,2026-09-07 09:05:00,177,19897000
11,2026-09-07 09:04:00,150,20582000
19,2026-09-07 09:03:00,176,17045000
14,2026-09-07 09:02:00,159,15782000
12,2026-09-07 09:01:00,185,18668000
11,2026-09-07 09:00:00,162,15618000
13,2026-09-07 08:59:00,135,13092000
17,2026-09-07 08:58:00,165,16364000
17,2026-09-07 08:56:00,162,14224000
10,2026-09-07 08:55:00,146,13246000
12,2026-09-07 08:54:00,157,16183000
9,2026-09-07 08:53:00,141,15064000
14,2026-09-07 08:52:00,139,11432000
8,2026-09-07 08:51:00,150,12896000
3,2026-09-07 08:50:00,153,15890000
18,2026-09-07 08:49:00,192,17393000
15,2026-09-07 08:48:00,151,19453000
8,2026-09-07 08:47:00,174,20086000
15,2026-09-07 08:46:00,172,14992000
22,2026-09-07 08:45:00,162,16541000
10,2026-09-07 08:44:00,159,18320000
12,2026-09-07 08:43:00,149,14946000
11,2026-09-07 08:42:00,157,17965000
12,2026-09-07 08:41:00,147,8679171
14,2026-09-07 08:39:00,156,14479000
16,2026-09-07 08:38:00,175,15289000
16,2026-09-07 08:37:00,170,13357000
16,2026-09-07 08:36:00,151,13828000
10,2026-09-07 08:35:00,119,10303000
18,2026-09-07 08:34:00,173,12303000
19,2026-09-07 08:33:00,149,15779000
19,2026-09-07 08:32:00,153,15388000
11,2026-09-07 08:31:00,123,10321000
14,2026-09-07 08:30:00,170,10628000
9,2026-09-07 08:29:00,159,10918000
17,2026-09-07 08:28:00,185,11694000
14,2026-09-07 08:27:00,169,15928000
7,2026-09-07 08:26:00,144,15767000
16,2026-09-07 08:24:00,182,14798000
17,2026-09-07 08:23:00,163,16954000
11,2026-09-07 08:22:00,155,15105000
15,2026-09-07 08:21:00,155,18205000
19,2026-09-07 08:20:00,162,14993000
16,2026-09-07 08:19:00,154,12084000
15,2026-09-07 08:18:00,133,12118000
17,2026-09-07 08:17:00,145,15024000
3,2026-09-07 08:16:00,132,20346000
19,2026-09-07 08:15:00,129,17118000
6,2026-09-07 08:14:00,124,16980000
14,2026-09-07 08:13:00,150,17581000
17,2026-09-07 08:12:00,153,14251000
18,2026-09-07 08:11:00,165,12506000
10,2026-09-07 08:10:00,160,15399000
9,2026-09-07 08:08:00,157,18191000
11,2026-09-07 08:07:00,147,15922000
4,2026-09-07 08:06:00,112,12517000
13,2026-09-07 08:05:00,160,16771000
7,2026-09-07 08:04:00,156,15585000
15,2026-09-07 08:03:00,146,15988000
19,2026-09-07 08:02:00,134,12745000
7,2026-09-07 08:01:00,153,15071000
18,2026-09-07 08:00:00,156,11321000
18,2026-09-07 07:59:00,151,16862000
5,2026-09-07 07:58:00,146,18174000
12,2026-09-07 07:57:00,148,16082000
4,2026-09-07 07:56:00,119,15298000
16,2026-09-07 07:55:00,163,14399000
7,2026-09-07 07:54:00,165,14171000
12,2026-09-07 07:52:00,132,18912000
26,2026-09-07 07:51:00,121,17410000
14,2026-09-07 07:50:00,158,17291000
18,2026-09-07 07:49:00,186,14114000
19,2026-09-07 07:48:00,192,14505000
12,2026-09-07 07:47:00,172,13042000
8,2026-09-07 07:46:00,178,12702000
14,2026-09-07 07:45:00,162,16830000
16,2026-09-07 07:44:00,148,18232000
9,2026-09-07 07:43:00,156,18706000
17,2026-09-07 07:42:00,169,18905000
11,2026-09-07 07:41:00,169,14651000
6,2026-09-07 07:40:00,196,14391000
8,2026-09-07 07:39:00,204,22402000
14,2026-09-07 07:38:00,215,20090000
24,2026-09-07 07:37:00,148,14378000
10,2026-09-07 07:35:00,195,14115000
11,2026-09-07 07:34:00,160,17279000
17,2026-09-07 07:33:00,193,17079000
19,2026-09-07 07:32:00,168,15023000
6,2026-09-07 07:31:00,184,22799000
13,2026-09-07 07:30:00,221,34247000
11,2026-09-07 07:29:00,195,20562000
9,2026-09-07 07:28:00,198,21169000
12,2026-09-07 07:27:00,213,22942000
7,2026-09-07 07:26:00,199,15728000
12,2026-09-07 07:25:00,222,21057000
7,2026-09-07 07:24:00,190,19972000
13,2026-09-07 07:23:00,174,18213000
8,2026-09-07 07:22:00,194,18351000
11,2026-09-07 07:21:00,170,15395000
17,2026-09-07 07:20:00,184,16517000
15,2026-09-07 07:18:00,198,26342000
12,2026-09-07 07:17:00,187,20326000
15,2026-09-07 07:16:00,180,19555000
10,2026-09-07 07:15:00,191,19735000
9,2026-09-07 07:14:00,181,16074000
12,2026-09-07 07:13:00,190,18838000
12,2026-09-07 07:12:00,199,21279000
7,2026-09-07 07:11:00,200,16558000
13,2026-09-07 07:10:00,175,19955000
5,2026-09-07 07:09:00,195,27824000
20,2026-09-07 07:08:00,198,24226000
6,2026-09-07 07:07:00,177,23576000
16,2026-09-07 07:06:00,227,25314000
16,2026-09-07 07:05:00,193,24874000
20,2026-09-07 07:04:00,179,22952000
20,2026-09-07 07:03:00,210,23712000
13,2026-09-07 07:02:00,174,18378000
15,2026-09-07 07:01:00,169,17321000
5,2026-09-07 06:59:00,165,20271000
20,2026-09-07 06:58:00,202,21647000
6,2026-09-07 06:57:00,215,30485000
13,2026-09-07 06:56:00,196,19677000
16,2026-09-07 06:55:00,211,24308000
16,2026-09-07 06:54:00,236,21111000
19,2026-09-07 06:53:00,205,22502000
10,2026-09-07 06:52:00,179,19789000
8,2026-09-07 06:51:00,210,25628000
14,2026-09-07 06:50:00,220,25899000
17,2026-09-07 06:49:00,192,23470000
12,2026-09-07 06:48:00,189,21910000
16,2026-09-07 06:47:00,208,26747000
11,2026-09-07 06:46:00,191,27699000
13,2026-09-07 06:45:00,201,22871000
10,2026-09-07 06:43:00,220,25743000
5,2026-09-07 06:42:00,187,19904000
17,2026-09-07 06:41:00,224,23701000
11,2026-09-07 06:40:00,206,23702000
10,2026-09-07 06:39:00,208,25744000
6,2026-09-07 06:38:00,212,22284000
21,2026-09-07 06:37:00,229,26378000
16,2026-09-07 06:36:00,226,24846000
13,2026-09-07 06:35:00,201,24154000
6,2026-09-07 06:34:00,220,25265000
12,2026-09-07 06:33:00,193,24531000
20,2026-09-07 06:32:00,232,35571000
4,2026-09-07 06:31:00,232,30065000
14,2026-09-07 06:30:00,227,29316000
24,2026-09-07 06:28:00,227,32237000
17,2026-09-07 06:27:00,217,20879000
21,2026-09-07 06:26:00,208,25036000
16,2026-09-07 06:25:00,218,25625000
23,2026-09-07 06:24:00,239,26945000
19,2026-09-07 06:23:00,252,32838000
9,2026-09-07 06:22:00,222,35158000
10,2026-09-07 06:21:00,214,33389000
13,2026-09-07 06:20:00,205,23040000
18,2026-09-07 06:19:00,263,32156000
8,2026-09-07 06:18:00,240,21896000
3,2026-09-07 06:17:00,193,27842000
14,2026-09-07 06:16:00,212,27652000
15,2026-09-07 06:15:00,213,24323000
6,2026-09-07 06:14:00,226,21101000
7,2026-09-07 06:13:00,225,18053000
19,2026-09-07 06:11:00,183,22214000
1,2026-09-07 06:10:00,184,26626000
17,2026-09-07 06:09:00,229,23084000
24,2026-09-07 06:08:00,213,26854000
8,2026-09-07 06:07:00,215,23668000
3,2026-09-07 06:06:00,207,30811000
19,2026-09-07 06:05:00,233,26673000
9,2026-09-07 06:04:00,256,39807000
18,2026-09-07 06:03:00,213,22925000
11,2026-09-07 06:02:00,196,34304000
14,2026-09-07 06:01:00,201,28952000
4,2026-09-07 06:00:00,222,26226000
5,2026-09-07 05:59:00,165,20664000
25,2026-09-07 05:58:00,218,27135000
18,2026-09-07 05:57:00,208,24585000
5,2026-09-07 05:56:00,253,35896000
7,2026-09-07 05:54:00,214,32872000
18,2026-09-07 05:53:00,254,33007000
17,2026-09-07 05:52:00,220,28220000
21,2026-09-07 05:51:00,233,25451000
18,2026-09-07 05:50:00,247,33112000
16,2026-09-07 05:49:00,250,35911000
14,2026-09-07 05:48:00,210,30633000
12,2026-09-07 05:47:00,244,37287000
13,2026-09-07 05:46:00,181,33791000
25,2026-09-07 05:45:00,205,32276000
9,2026-09-07 05:44:00,233,36099000
7,2026-09-07 05:43:00,231,31854000
7,2026-09-07 05:42:00,235,28420000
10,2026-09-07 05:41:00,243,28929000
11,2026-09-07 05:40:00,190,21012000
10,2026-09-07 05:38:00,238,24695000
13,2026-09-07 05:37:00,244,35082000
14,2026-09-07 05:36:00,265,41423000
20,2026-09-07 05:35:00,250,40920000
10,2026-09-07 05:34:00,267,24009000
12,2026-09-07 05:33:00,239,30636000
20,2026-09-07 05:32:00,264,35698000
17,2026-09-07 05:31:00,245,36946000
14,2026-09-07 05:30:00,273,43217000
16,2026-09-07 05:29:00,242,44159000
10,2026-09-07 05:28:00,259,37972000
8,2026-09-07 05:27:00,257,33560000
7,2026-09-07 05:26:00,239,34801000
17,2026-09-07 05:25:00,238,41081000
2,2026-09-07 05:23:00,231,34910000
3,2026-09-07 05:22:00,216,37442000
14,2026-09-07 05:21:00,306,50067000
14,2026-09-07 05:20:00,289,41184000
18,2026-09-07 05:19:00,320,44468000
14,2026-09-07 05:18:00,290,50019000
6,2026-09-07 05:17:00,267,34604000
16,2026-09-07 05:16:00,322,45988000
18,2026-09-07 05:15:00,282,49889000
8,2026-09-07 05:14:00,315,48720000
11,2026-09-07 05:13:00,279,44782000
19,2026-09-07 05:12:00,297,67960000
14,2026-09-07 05:11:00,311,59817000
16,2026-09-07 05:10:00,313,71505000
16,2026-09-07 05:08:00,327,60314000
18,2026-09-07 05:07:00,299,74028000
22,2026-09-07 05:06:00,300,70147000
14,2026-09-07 05:05:00,307,77989000
8,2026-09-07 05:04:00,279,64047000
15,2026-09-07 05:03:00,322,67889000
17,2026-09-07 05:02:00,273,45239000
8,2026-09-07 05:01:00,270,51474000
23,2026-09-07 05:00:00,298,51007000
16,2026-09-07 04:59:00,310,48221000
11,2026-09-07 04:58:00,270,31016000
9,2026-09-07 04:57:00,289,47198000
12,2026-09-07 04:56:00,316,32513000
11,2026-09-07 04:55:00,266,43309000
14,2026-09-07 04:54:00,273,29141000
17,2026-09-07 04:52:00,259,34727000
13,2026-09-07 04:51:00,229,24924000
10,2026-09-07 04:50:00,242,30726000
24,2026-09-07 04:49:00,226,22826000
3,2026-09-07 04:48:00,239,27959000
14,2026-09-07 04:47:00,332,30609000
14,2026-09-07 04:46:00,324,24164000
15,2026-09-07 04:45:00,310,26904000
15,2026-09-07 04:44:00,296,24975000
5,2026-09-07 04:43:00,270,25673000
10,2026-09-07 04:42:00,337,32617000
5,2026-09-07 04:41:00,268,34734000
12,2026-09-07 04:40:00,318,38594000
10,2026-09-07 04:39:00,284,33478000
7,2026-09-07 04:38:00,275,28662000
15,2026-09-07 04:36:00,325,30451000
7,2026-09-07 04:35:00,254,38317000
24,2026-09-07 04:34:00,249,29949000
11,2026-09-07 04:33:00,277,34286000
16,2026-09-07 04:32:00,324,32029000
21,2026-09-07 04:31:00,281,24357000
7,2026-09-07 04:30:00,253,23502000
16,2026-09-07 04:29:00,341,31540000
17,2026-09-07 04:28:00,316,29551000
20,2026-09-07 04:27:00,292,24965000
20,2026-09-07 04:26:00,243,27821000
11,2026-09-07 04:25:00,333,30544000
20,2026-09-07 04:24:00,297,20746000
22,2026-09-07 04:23:00,289,25513000
14,2026-09-07 04:21:00,374,16665000
20,2026-09-07 04:20:00,343,24668000
18,2026-09-07 04:19:00,314,21782000
13,2026-09-07 04:18:00,348,17924000
6,2026-09-07 04:17:00,332,18335000
12,2026-09-07 04:16:00,333,25892000
19,2026-09-07 04:15:00,319,31908000
16,2026-09-07 04:14:00,310,32413000
21,2026-09-07 04:13:00,297,27345000
16,2026-09-07 04:12:00,363,24301000
15,2026-09-07 04:11:00,266,26529000
2,2026-09-07 04:10:00,267,29689000
12,2026-09-07 04:09:00,325,31538000
11,2026-09-07 04:08:00,281,37677000
22,2026-09-07 04:06:00,295,41446000
11,2026-09-07 04:05:00,349,32955000
9,2026-09-07 04:04:00,321,30340000
15,2026-09-07 04:03:00,340,35810000
19,2026-09-07 04:02:00,352,33932000
12,2026-09-07 04:01:00,353,37262000
12,2026-09-07 04:00:00,378,26305000
12,2026-09-07 03:59:00,357,41575000
10,2026-09-07 03:58:00,336,39023000
16,2026-09-07 03:57:00,356,44222000
12,2026-09-07 03:56:00,307,43672000
13,2026-09-07 03:55:00,364,47964000
8,2026-09-07 03:54:00,316,43020000
3,2026-09-07 03:53:00,217,36738000
15,2026-09-07 03:52:00,352,35674000
13,2026-09-07 03:50:00,357,39470000
8,2026-09-07 03:49:00,361,34029000
12,2026-09-07 03:48:00,373,35499000
16,2026-09-07 03:47:00,423,53498000
18,2026-09-07 03:46:00,385,70951000
17,2026-09-07 03:45:00,334,74553000
13,2026-09-07 03:44:00,343,49976000
22,2026-09-07 03:43:00,368,56143000
17,2026-09-07 03:42:00,386,37185000
23,2026-09-07 03:41:00,341,44738000
12,2026-09-07 03:40:00,396,42555000
11,2026-09-07 03:39:00,361,58567000
10,2026-09-07 03:38:00,366,58751000
18,2026-09-07 03:37:00,434,49215000
18,2026-09-07 03:36:00,352,40148000
18,2026-09-07 03:35:00,412,47501000
11,2026-09-07 03:33:00,374,41525000
14,2026-09-07 03:32:00,401,38614000
12,2026-09-07 03:31:00,423,50353000
16,2026-09-07 03:30:00,418,38066000
21,2026-09-07 03:29:00,412,62513000
20,2026-09-07 03:28:00,379,44501000
18,2026-09-07 03:27:00,416,39221000
9,2026-09-07 03:26:00,408,83160000
18,2026-09-07 03:25:00,397,47205000
10,2026-09-07 03:24:00,385,31878000
14,2026-09-07 03:23:00,362,76458000
9,2026-09-07 03:22:00,417,39286000
10,2026-09-07 03:21:00,378,40872000
12,2026-09-07 03:20:00,377,43766000
16,2026-09-07 03:19:00,426,41117000
11,2026-09-07 03:18:00,363,42953000
11,2026-09-07 03:16:00,377,46370000
9,2026-09-07 03:15:00,395,31538000
4,2026-09-07 03:14:00,379,31617000
11,2026-09-07 03:13:00,433,33914000
14,2026-09-07 03:12:00,448,35715000
21,2026-09-07 03:11:00,422,36069000
15,2026-09-07 03:10:00,404,37768000
9,2026-09-07 03:09:00,429,38822000
11,2026-09-07 03:08:00,386,32581000
21,2026-09-07 03:07:00,406,40770000
15,2026-09-07 03:06:00,447,40974000
19,2026-09-07 03:05:00,388,37015000
7,2026-09-07 03:04:00,354,37280000
10,2026-09-07 03:03:00,413,36379000
9,2026-09-07 03:02:00,382,40295000
20,2026-09-07 03:00:00,405,34933000
9,2026-09-07 02:59:00,371,33249000
15,2026-09-07 02:58:00,397,34551000
11,2026-09-07 02:57:00,397,33732000
6,2026-09-07 02:56:00,418,38166000
18,2026-09-07 02:55:00,397,36268000
16,2026-09-07 02:54:00,446,40698000
14,2026-09-07 02:53:00,466,75242000
14,2026-09-07 02:52:00,366,72717000
2,2026-09-07 02:51:00,342,51701000
15,2026-09-07 02:50:00,393,37603000
15,2026-09-07 02:49:00,440,74259000
18,2026-09-07 02:48:00,464,63557000
12,2026-09-07 02:47:00,396,39793000
4,2026-09-07 02:46:00,334,35389000
21,2026-09-07 02:44:00,436,41820000
8,2026-09-07 02:43:00,381,32172000
8,2026-09-07 02:42:00,403,35677000
14,2026-09-07 02:41:00,426,43569000
18,2026-09-07 02:40:00,422,49829000
5,2026-09-07 02:39:00,353,38540000
16,2026-09-07 02:38:00,419,46464000
16,2026-09-07 02:37:00,457,37925000
17,2026-09-07 02:36:00,394,40280000
11,2026-09-07 02:35:00,387,35475000
20,2026-09-07 02:34:00,417,31151000
15,2026-09-07 02:33:00,398,29219000
19,2026-09-07 02:32:00,428,35323000
16,2026-09-07 02:31:00,431,35879000
11,2026-09-07 02:30:00,416,47016000
10,2026-09-07 02:28:00,429,35983000
19,2026-09-07 02:27:00,438,69802000
17,2026-09-07 02:26:00,413,40122000
16,2026-09-07 02:25:00,488,75712000
6,2026-09-07 02:24:00,451,59014000
23,2026-09-07 02:23:00,404,52153000
8,2026-09-07 02:22:00,409,31674000
23,2026-09-07 02:21:00,361,32432000
12,2026-09-07 02:20:00,436,28788000
24,2026-09-07 02:19:00,373,40816000
17,2026-09-07 02:18:00,443,32375000
22,2026-09-07 02:17:00,396,50102000
6,2026-09-07 02:16:00,457,40423000
14,2026-09-07 02:15:00,467,34469000
20,2026-09-07 02:14:00,450,42488000
14,2026-09-07 02:12:00,480,46150000
8,2026-09-07 02:11:00,488,48800000
13,2026-09-07 02:10:00,443,37694000
6,2026-09-07 02:09:00,408,35649000
17,2026-09-07 02:08:00,471,40033000
13,2026-09-07 02:07:00,429,31321000
8,2026-09-07 02:06:00,404,33191000
13,2026-09-07 02:05:00,497,40170000
20,2026-09-07 02:04:00,474,36513000
10,2026-09-07 02:03:00,477,33876000
20,2026-09-07 02:02:00,470,33936000
8,2026-09-07 02:01:00,416,27632000
14,2026-09-07 02:00:00,419,25678000
9,2026-09-07 01:59:00,424,24477000
21,2026-09-07 01:58:00,418,31382000
14,2026-09-07 01:56:00,470,36441000
18,2026-09-07 01:55:00,490,48370000
4,2026-09-07 01:54:00,432,47218000
7,2026-09-07 01:53:00,388,34139000
23,2026-09-07 01:52:00,432,63140000
10,2026-09-07 01:51:00,511,57059000
10,2026-09-07 01:50:00,445,45339000
17,2026-09-07 01:49:00,446,41075000
19,2026-09-07 01:48:00,470,39860000
7,2026-09-07 01:47:00,423,45065000
6,2026-09-07 01:46:00,440,47903000
20,2026-09-07 01:45:00,425,41058000
13,2026-09-07 01:44:00,436,41993000
17,2026-09-07 01:42:00,505,40754000
15,2026-09-07 01:41:00,460,31183000
12,2026-09-07 01:40:00,460,45051000
19,2026-09-07 01:39:00,429,41486000
24,2026-09-07 01:38:00,435,37523000
16,2026-09-07 01:37:00,536,46902000
8,2026-09-07 01:36:00,490,40214000
9,2026-09-07 01:35:00,410,44721000
15,2026-09-07 01:34:00,413,32911000
18,2026-09-07 01:33:00,484,35609000
12,2026-09-07 01:32:00,500,36972000
14,2026-09-07 01:31:00,465,35437000
8,2026-09-07 01:30:00,447,33260000
19,2026-09-07 01:29:00,414,34923000
11,2026-09-07 01:28:00,444,29483000
17,2026-09-07 01:27:00,437,25535000
18,2026-09-07 01:25:00,504,25167000
20,2026-09-07 01:24:00,393,26013000
12,2026-09-07 01:23:00,493,26933000
5,2026-09-07 01:22:00,392,25229000
14,2026-09-07 01:21:00,450,26121000
18,2026-09-07 01:20:00,473,25292000
16,2026-09-07 01:19:00,489,26204000
18,2026-09-07 01:18:00,401,24846000
3,2026-09-07 01:17:00,346,26613000
7,2026-09-07 01:16:00,432,31674000
9,2026-09-07 01:15:00,472,31648000
11,2026-09-07 01:14:00,416,26623000
21,2026-09-07 01:13:00,458,31285000
20,2026-09-07 01:12:00,390,28930000
19,2026-09-07 01:10:00,392,33962000
6,2026-09-07 01:09:00,417,33004000
15,2026-09-07 01:08:00,437,29084000
11,2026-09-07 01:07:00,520,30327000
10,2026-09-07 01:06:00,519,31419000
9,2026-09-07 01:05:00,473,35992000
13,2026-09-07 01:04:00,429,33119000
16,2026-09-07 01:03:00,456,31705000
11,2026-09-07 01:02:00,478,32581000
13,2026-09-07 01:01:00,492,30539000
12,2026-09-07 01:00:00,511,30458000
6,2026-09-07 00:59:00,435,31464000
11,2026-09-07 00:58:00,470,33305000
7,2026-09-07 00:57:00,424,31532000
14,2026-09-07 00:56:00,502,32275000
20,2026-09-07 00:54:00,491,28911000
23,2026-09-07 00:53:00,408,32515000
12,2026-09-07 00:52:00,498,33684000
13,2026-09-07 00:51:00,494,28368000
8,2026-09-07 00:50:00,485,33242000
9,2026-09-07 00:49:00,482,34536000
4,2026-09-07 00:48:00,359,32934000
16,2026-09-07 00:47:00,555,35363000
23,2026-09-07 00:46:00,405,31394000
6,2026-09-07 00:45:00,427,33560000
11,2026-09-07 00:44:00,524,30646000
12,2026-09-07 00:43:00,490,37426000
8,2026-09-07 00:42:00,452,37321000
21,2026-09-07 00:41:00,500,39240000
7,2026-09-07 00:39:00,456,40601000
17,2026-09-07 00:38:00,565,33128000
14,2026-09-07 00:37:00,516,36729000
11,2026-09-07 00:36:00,464,35273000
13,2026-09-07 00:35:00,519,36502000
11,2026-09-07 00:34:00,483,38382000
5,2026-09-07 00:33:00,366,34706000
16,2026-09-07 00:32:00,499,31631000
14,2026-09-07 00:31:00,484,29046000
16,2026-09-07 00:30:00,472,33151000
4,2026-09-07 00:29:00,367,29590000
14,2026-09-07 00:28:00,508,35949000
17,2026-09-07 00:27:00,465,28319000
9,2026-09-07 00:26:00,442,32071000
15,2026-09-07 00:25:00,451,33477000
16,2026-09-07 00:24:00,494,31811000
18,2026-09-07 00:23:00,507,26944000
19,2026-09-07 00:22:00,455,37340000
16,2026-09-07 00:20:00,459,33861000
17,2026-09-07 00:19:00,431,37868000
14,2026-09-07 00:18:00,384,35672000
6,2026-09-07 00:17:00,406,28198000
16,2026-09-07 00:16:00,463,32425000
16,2026-09-07 00:15:00,409,29439000
23,2026-09-07 00:14:00,327,27669000
15,2026-09-07 00:13:00,405,34631000
17,2026-09-07 00:12:00,390,29222000
15,2026-09-07 00:11:00,400,30936000
10,2026-09-07 00:10:00,380,30295000
18,2026-09-07 00:09:00,384,32988000
9,2026-09-07 00:08:00,354,27899000
12,2026-09-07 00:07:00,355,28913000
18,2026-09-07 00:06:00,362,32003000
20,2026-09-07 00:04:00,344,30426000
4,2026-09-07 00:03:00,311,29152000
14,2026-09-07 00:02:00,376,35809000
24,2026-09-07 00:01:00,294,32145000
17,2026-09-07 00:00:00,384,34954000
10,2026-09-06 23:59:00,356,34035000
7,2026-09-06 23:58:00,340,36207000
10,2026-09-06 23:57:00,385,35347000
12,2026-09-06 23:56:00,357,37044000
10,2026-09-06 23:55:00,383,31013000
16,2026-09-06 23:54:00,405,34883000
12,2026-09-06 23:53:00,367,34562000
14,2026-09-06 23:52:00,387,37441000
8,2026-09-06 23:51:00,376,35946000
15,2026-09-06 23:50:00,351,29817000
12,2026-09-06 23:49:00,348,27403000
17,2026-09-06 23:48:00,419,38052000
16,2026-09-06 23:46:00,385,38740000
13,2026-09-06 23:45:00,349,40286000
4,2026-09-06 23:44:00,335,43285000
5,2026-09-06 23:43:00,283,33228000
14,2026-09-06 23:42:00,373,33752000
12,2026-09-06 23:41:00,366,35945000
18,2026-09-06 23:40:00,393,30770000
15,2026-09-06 23:39:00,395,32218000
15,2026-09-06 23:38:00,393,33686000
16,2026-09-06 23:37:00,373,32168000
15,2026-09-06 23:36:00,386,27057000
17,2026-09-06 23:35:00,352,30046000
20,2026-09-06 23:34:00,364,32045000
14,2026-09-06 23:33:00,374,28918000
16,2026-09-06 23:32:00,410,27022000
10,2026-09-06 23:30:00,371,27370000
